"","Pathway_Total","Hits","P_val","P_adj","NES",""
"Glycerophospholipid metabolism","13","5","0.01124","0.3875","1.529","C00111;C00307;C00093;C00570;C01233"
"Biosynthesis of unsaturated fatty acids","36","4","0.0125","0.3875","1.729","C00249;C01530;C00712;C01595"
"Porphyrin metabolism","29","4","0.075","1","1.386","C00037;C00931;C00430;C00025"
"Propanoate metabolism","19","4","0.09091","1","-1.318","C00099;C00222;C00024;C01013"
"Nicotinate and nicotinamide metabolism","15","2","0.1053","1","1.346","C00049;C00153"
"Nitrogen metabolism","6","2","0.1404","1","1.281","C00025;C00064"
"Glycosylphosphatidylinositol (GPI)-anchor biosynthesis","4","1","0.1509","1","1.235","C00249"
"Linoleic acid metabolism","4","1","0.1509","1","1.225","C01595"
"Histidine metabolism","16","7","0.1778","1","1.222","C00025;C00135;C00386;C01152;C00439;C05828;C00049"
"Fatty acid biosynthesis","9","4","0.25","1","1.17","C00024;C00249;C06424;C02679"
"beta-Alanine metabolism","21","9","0.2717","1","1.162","C01013;C00222;C00099;C00049;C02642;C00386;C00024;C00106;C00135"
"Phenylalanine metabolism","8","2","0.2807","1","1.121","C00079;C00082"
"Phenylalanine, tyrosine and tryptophan biosynthesis","4","2","0.2807","1","1.121","C00079;C00082"
"Fatty acid degradation","35","5","0.3371","1","1.129","C00024;C00136;C00249;C02990;C00010"
"Pantothenate and CoA biosynthesis","18","7","0.3778","1","1.07","C00864;C02642;C00049;C00010;C00099;C00106;C00054"
"Drug metabolism - other enzymes","28","1","0.4082","1","-1.081","C16622"
"Biotin metabolism","4","1","0.4694","1","-1.021","C00120"
"Mannose type O-glycan biosynthesis","3","2","0.5088","1","1.01","C00789;C00063"
"Arginine biosynthesis","14","8","0.5106","1","0.9878","C00025;C00062;C00437;C03406;C00049;C00064;C00026;C00624"
"Taurine and hypotaurine metabolism","8","5","0.5385","1","-0.9404","C00519;C00606;C00245;C05844;C05122"
"Fatty acid elongation","28","3","0.5735","1","0.9575","C00024;C00136;C00249"
"Ubiquinone and other terpenoid-quinone biosynthesis","7","1","0.6415","1","0.9062","C00082"
"Cysteine and methionine metabolism","33","10","0.6667","1","0.9022","C00170;C00019;C00065;C00606;C11537;C21015;C02356;C00022;C21016;C00197"
"One carbon pool by folate","26","10","0.7742","1","0.7683","C00504;C00037;C00365;C00002;C00019;C01026;C00213;C00065;C00364;C00212"
"Selenocompound metabolism","16","1","0.7755","1","-0.8131","C00041"
"Terpenoid backbone biosynthesis","14","1","0.8367","1","-0.7635","C00024"
"Lysine degradation","21","5","0.8427","1","0.6963","C04076;C00956;C03793;C00024;C00450"
"Butanoate metabolism","15","6","0.8462","1","0.739","C00024;C00334;C00025;C00136;C00026;C02630"
"Riboflavin metabolism","4","2","0.9348","1","-0.7073","C00255;C00016"
"Glutathione metabolism","19","7","0.9778","1","0.5135","C00051;C00127;C00037;C00669;C00025;C01879;C00024"
"Ascorbate and aldarate metabolism","8","5","0.9888","1","0.5022","C00137;C00029;C00167;C00800;C00818"
"Glycolysis or Gluconeogenesis","23","13","1","1","0","C00022;C00024;C00186;C00074;C00631;C00118;C00354;C00085;C00668;C00103;C00221;C00267;C00197;C00111;C01172"
"Citrate cycle (TCA cycle)","16","8","1","1","0","C00026;C00311;C00024;C00149;C00417;C00158;C00022;C00074"
"Pentose phosphate pathway","23","15","1","1","0","C00668;C01801;C00117;C00620;C00118;C05382;C00199;C00085;C00354;C00345;C01236;C01172;C00257;C00231;C00631"
"Pentose and glucuronate interconversions","18","8","1","1","0","C00167;C00029;C00103;C00800;C00199;C00231;C02266;C00789"
"Fructose and mannose metabolism","20","13","1","1","0","C00095;C00159;C00665;C00275;C02985;C01222;C00096;C00636;C00085;C00118;C01094;C00577;C00354;C01720;C00267;C00325;C00111;C03827"
"Galactose metabolism","27","11","1","1","0","C01613;C01097;C00089;C05402;C00124;C05401;C05400;C01235;C00267;C00243;C00103;C00052;C00029;C00446;C00984;C00668;C03785;C00095;C00031;C00159;C00137"
"Steroid biosynthesis","40","2","1","1","0","C01561;C01189;C03845;C00187"
"Primary bile acid biosynthesis","46","7","1","1","0","C00187;C05455;C05453;C00037;C00245;C06341;C15520;C05445;C15518;C05466;C05465;C05122"
"Steroid hormone biosynthesis","87","3","1","1","0","C00187;C05499;C05501;C18043"
"Purine metabolism","70","18","1","1","0","C00035;C00385;C00117;C00064;C00002;C00008;C00020;C00212;C01762;C00144;C00330;C00044;C00362;C00361;C00387;C04376;C00620;C00301;C00286;C02350"
"Pyrimidine metabolism","39","16","1","1","0","C00015;C00064;C00105;C00075;C02642;C00063;C00112;C00055;C00365;C00459;C00364;C21029;C00438;C00106;C00099;C01205"
"Alanine, aspartate and glutamate metabolism","28","16","1","1","0","C01042;C00049;C00152;C00402;C03406;C00041;C00025;C00334;C00064;C12270;C00158;C00022;C00438;C00026;C00352;C20775"
"Glycine, serine and threonine metabolism","30","11","1","1","0","C00065;C00197;C01026;C00037;C00213;C00188;C00631;C00740;C00300;C00022;C00430"
"Valine, leucine and isoleucine degradation","35","7","1","1","0","C00024;C02939;C00671;C00630;C00407;C03284;C15980;C00233;C00123;C01205"
"Valine, leucine and isoleucine biosynthesis","8","3","1","1","0","C00188;C00671;C00123;C00407;C00233"
"Arginine and proline metabolism","35","17","1","1","0","C00062;C00300;C00019;C00334;C02714;C01035;C04281;C01157;C00148;C05938;C01165;C00025;C00763;C05147;C02305;C02946;C00022"
"Tyrosine metabolism","42","7","1","1","0","C01693;C05589;C05583;C00547;C00788;C05588;C00082;C04185;C05582;C00022"
"Tryptophan metabolism","41","9","1","1","0","C05635;C00643;C02700;C00328;C05653;C05648;C05634;C05647;C05660;C00024;C00954"
"D-Amino acid metabolism","15","12","1","1","0","C00819;C00217;C00402;C00065;C00792;C00763;C03440;C02237;C00740;C03771;C01110;C04282"
"Starch and sucrose metabolism","12","9","1","1","0","C00185;C00095;C00089;C00029;C00103;C00092;C00031;C01083;C00208;C00252;C00085;C01231"
"Amino sugar and nucleotide sugar metabolism","39","18","1","1","0","C00357;C04501;C00043;C00270;C00446;C00029;C00103;C00167;C00352;C00275;C00096;C00267;C00984;C00636;C00325;C02985;C00668;C00159;C00095;C00329;C00085;C18060;C04257;C00052;C00190;C01222;C00203"
"Glycerolipid metabolism","7","5","1","1","0","C00093;C00184;C00577;C00111;C00631"
"Inositol phosphate metabolism","21","9","1","1","0","C01220;C04063;C04062;C00092;C03546;C04006;C00137;C01177;C00222;C00111;C00024;C00118"
"Sphingolipid metabolism","11","4","1","1","0","C00836;C00319;C00065;C02934;C01747;C03108"
"Pyruvate metabolism","20","7","1","1","0","C00074;C03451;C00256;C00022;C00149;C00186;C00024"
"Glyoxylate and dicarboxylate metabolism","31","11","1","1","0","C00417;C00024;C00149;C00065;C00037;C00025;C00311;C00022;C00158;C00064;C00631"
"Vitamin B6 metabolism","9","3","1","1","0","C00314;C00250;C00847"
"Lipoic acid metabolism","17","4","1","1","-0.6333","C00022;C00026;C00037;C00024"
"Folate biosynthesis","26","4","1","1","0","C05922;C00044;C00504;C00921;C18239;C21310"
"Metabolism of xenobiotics by cytochrome P450","68","3","1","1","0","C19586;C16756;C14871;C19595;C19585;C19562"
"Drug metabolism - cytochrome P450","43","8","1","1","0","C16612;C16586;C16595;C16587;C16577;C16584;C16582;C16596;C16591"
