m.z,mode,p.value,t.score
84.08076,positive,0.293883415,-0.23
280.26351,positive,0.048371518,0.28
282.27915,positive,0.058016544,0.3
518.49313,positive,0.001771033,0.59
520.50894,positive,0.850686858,-0.25
722.51215,positive,0.01672424,0.31
748.52783,positive,0.006784682,0.26
76.03932,positive,0.007955242,-0.29
76.07569,positive,0.062212996,-0.45
83.06036,positive,0.0012101,-0.71
83.06036,positive,0.742427202,0.12
104.07061,positive,0.000735898,-0.34
86.06002,positive,0.837278259,-0.25
90.05495,positive,1.73E-06,-0.63
90.05493,positive,0.0162134,-0.31
110.02702,positive,0.000271165,-0.61
97.02839,positive,0.013413624,-0.54
120.06552,positive,0.110532443,-0.33
102.12771,positive,0.033959212,-0.23
104.10698,positive,0.000141679,-1.25
114.06617,positive,0.453819119,-0.1
116.07059,positive,0.002531811,-0.43
131.11789,positive,0.079791212,-0.27
117.06586,positive,0.000485779,-0.86
123.05529,positive,0.473308617,-0.21
128.07061,positive,0.019529904,-0.42
128.0706,positive,0.3068359,-0.2
132.10191,positive,0.248881495,-0.18
132.10191,positive,0.268198075,-0.22
131.0815,positive,0.001493414,-1.17
131.11789,positive,0.019520974,-0.39
132.07675,positive,0.00144468,-0.54
132.06552,positive,0.150808536,-0.1
144.10193,positive,0.000207222,-0.8
147.07642,positive,0.1136006,-0.18
146.02704,positive,0.603504732,-0.17
148.06045,positive,9.56E-05,-0.55
146.11757,positive,0.000234918,-0.8
146.09246,positive,0.00014771,-0.75
146.11757,positive,0.981433892,0.16
146.08119,positive,0.11346052,-0.31
148.0427,positive,0.162933352,-0.55
148.04269,positive,0.107812873,-0.4
148.09681,positive,0.178616417,0.3
168.06551,positive,0.092727369,-0.18
175.11894,positive,0.209374376,-0.18
158.11756,positive,0.002915978,-0.68
160.04266,positive,0.965377104,0.18
160.09684,positive,0.52598616,-0.22
160.13321,positive,0.000175727,-0.79
162.0761,positive,0.000114482,-0.76
162.0761,positive,0.026381018,-0.46
162.11245,positive,0.000236492,-0.72
164.07398,positive,0.924291224,0.16
166.04983,positive,0.970188172,0
167.09273,positive,0.440285862,-0.13
170.08117,positive,0.630081586,-0.07
168.07675,positive,0.012616231,-0.61
170.05766,positive,0.002969619,-0.81
170.0924,positive,0.301854311,-0.12
171.07643,positive,0.354401999,-0.15
174.08735,positive,0.125756362,-0.28
175.07131,positive,0.002118631,-1.33
175.1077,positive,0.135019826,-0.4
175.14409,positive,0.235736741,-0.27
176.07061,positive,0.89202553,-0.27
176.09174,positive,0.00389174,-0.77
176.09177,positive,0.001232533,-0.66
176.99473,positive,0.060508312,-0.25
178.08625,positive,0.000295197,-0.67
178.13385,positive,0.985006735,-0.02
182.08114,positive,0.072019793,-0.28
180.10189,positive,0.836680294,0.3
184.07329,positive,0.839345686,-0.02
184.0968,positive,0.010172796,-0.46
184.0968,positive,0.026832348,-0.36
188.17573,positive,0.123608851,-0.34
191.06624,positive,0.961911354,0.02
189.08696,positive,0.000978021,-1.11
189.08697,positive,0.005196321,-0.61
189.13459,positive,0.20952179,-0.19
189.1346,positive,0.016559952,-0.36
189.15974,positive,0.028858872,-0.4
192.06552,positive,0.068511248,-0.67
194.04478,positive,0.229316345,-0.12
198.0873,positive,0.531639942,-0.16
198.08731,positive,0.320514158,-0.24
196.09682,positive,0.675426794,0.05
198.08734,positive,0.000253046,3.04
203.05261,positive,0.000527685,-0.52
219.09754,positive,0.006441925,-0.3
203.05263,positive,0.86540378,0.46
203.13902,positive,0.040753954,-0.5
203.15023,positive,0.028981611,-0.43
204.09787,positive,0.00091216,5.2
204.12301,positive,0.002146209,-0.65
206.13869,positive,0.926510544,-0.25
204.13424,positive,0.904956676,0.16
205.08193,positive,0.379270801,0.25
209.09208,positive,0.46705318,-0.14
211.14403,positive,0.030226166,-0.3
211.16927,positive,0.272253076,-0.08
212.04312,positive,0.00030155,-0.92
215.13906,positive,0.000836313,-0.7
216.06314,positive,0.001300379,-0.72
217.1295,positive,7.21E-06,1.44
218.13864,positive,0.000150329,-0.77
218.18628,positive,0.000747314,-0.53
219.00532,positive,0.000369413,-1.05
219.07641,positive,3.88E-05,2.14
219.21073,positive,0.911029886,0.63
223.10772,positive,0.958883325,-0.12
227.1139,positive,0.108226847,-0.32
229.11827,positive,0.430813219,-0.16
230.09577,positive,0.000474738,-0.6
230.18631,positive,0.045623904,-0.35
231.17032,positive,0.48938887,-0.14
232.15433,positive,0.010615252,-0.41
237.08084,positive,0.679325494,-0.08
239.10594,positive,0.966662739,0.11
245.18596,positive,0.9311895,0.31
245.05905,positive,0.002646671,-0.44
248.12411,positive,2.17E-08,4.19
246.14485,positive,0.000111741,3.24
246.16994,positive,0.000140208,-1.08
246.18122,positive,0.000671885,-0.72
247.09381,positive,0.275504987,-0.51
247.0938,positive,0.382822675,-0.2
247.09379,positive,0.266473677,0.27
247.0938,positive,0.004170435,-0.37
247.14011,positive,0.204766108,-0.2
248.09108,positive,0.134805481,-0.07
248.08774,positive,0.000133186,1.15
248.14927,positive,0.000782781,-1.04
251.06965,positive,0.187237714,-0.58
253.08529,positive,0.303520026,-0.46
251.0696,positive,0.127699732,0.71
253.08196,positive,0.039347597,-0.24
255.09758,positive,0.000337672,-0.84
258.11008,positive,0.004734523,-0.77
258.11013,positive,0.001154776,-1
260.1241,positive,3.84E-06,4.59
259.02136,positive,0.111624449,-1.17
259.09243,positive,0.29291055,-0.27
277.10305,positive,0.001672426,0.75
261.15579,positive,3.95E-06,3.9
278.12342,positive,0.738412524,-0.26
260.1605,positive,6.40E-07,5.46
260.16045,positive,0.08584936,-0.38
260.16055,positive,0.99696853,-0.04
260.19691,positive,0.000239047,-0.53
260.19692,positive,0.713969039,0.57
262.12853,positive,0.000332743,-0.72
262.15093,positive,0.002112905,1.43
262.16491,positive,0.000268965,-0.68
264.11902,positive,0.000286348,4.74
265.11178,positive,0.068450404,-0.22
266.0884,positive,0.358278112,-0.13
266.86568,positive,0.009869561,-0.87
268.104,positive,0.084454018,-0.42
270.27917,positive,0.61651048,-0.08
271.07473,positive,0.013288281,-0.62
291.12996,positive,0.017302695,-0.38
274.27411,positive,0.851333638,0.25
274.18738,positive,0.004996216,1.43
277.08943,positive,0.003808648,-0.57
275.17144,positive,3.69E-05,5.06
276.15542,positive,0.041682789,0.6
276.18059,positive,0.020968175,-0.93
277.11431,positive,4.89E-07,3.13
278.09829,positive,6.35E-05,3.6
281.14959,positive,0.698199459,0.09
279.1704,positive,0.021582307,1.07
282.11837,positive,0.00801189,-1.22
283.07471,positive,0.000732753,-0.58
286.13977,positive,0.003052569,3.77
286.17614,positive,3.65E-06,7.21
288.11904,positive,2.06E-07,6.26
306.07548,positive,0.160270585,-0.11
288.20303,positive,0.096046703,0.61
288.21698,positive,0.145250411,0.24
335.10604,positive,0.302324786,-0.47
289.16194,positive,1.21E-05,4.63
289.1619,positive,6.50E-07,3.78
309.12928,positive,0.159469242,-0.38
291.12996,positive,8.42E-11,5.15
294.14495,positive,0.046690313,1.24
298.09686,positive,0.015345009,-0.24
298.09686,positive,0.00442227,-0.55
302.13471,positive,1.41E-06,7.81
302.17109,positive,2.22E-10,6.46
302.17108,positive,1.57E-13,6.39
302.3054,positive,0.150894547,0.46
302.3054,positive,0.902328564,-0.01
349.1176,positive,0.000802566,-0.73
303.17758,positive,3.30E-09,5.19
303.17758,positive,5.22E-07,4.64
304.11413,positive,4.87E-07,3.59
304.16157,positive,1.34E-06,2.48
613.15942,positive,0.053636244,-0.69
305.09799,positive,0.006134615,-0.64
305.18198,positive,8.40E-07,4.64
306.16589,positive,2.45E-07,4.04
307.11112,positive,0.355762129,-0.15
307.22683,positive,0.695693411,0.53
310.17618,positive,3.72E-06,5.39
316.15031,positive,2.32E-05,7.26
316.15028,positive,3.22E-08,4.35
316.24828,positive,0.061510305,0.17
319.07239,positive,0.002284871,-0.59
317.14565,positive,0.001743972,-0.93
318.12961,positive,8.17E-07,3.63
320.18165,positive,4.34E-08,5.87
319.12485,positive,4.65E-06,2.96
323.22177,positive,0.901012945,0.31
326.20746,positive,1.29E-09,5.67
343.12352,positive,0.321081261,-0.19
325.15405,positive,0.020636659,-0.6
325.27383,positive,0.050442778,0.86
346.19728,positive,0.001739813,2.31
327.15847,positive,0.090375538,-0.32
330.07306,positive,0.24414029,-0.35
332.14527,positive,5.63E-10,7.91
330.16595,positive,0.000147769,2.25
330.23881,positive,8.94E-11,5.43
333.14053,positive,9.52E-08,5.36
332.14525,positive,2.50E-06,2.74
332.14518,positive,0.000997279,3.21
664.11661,positive,0.000224075,-0.74
333.09044,positive,0.049309339,-0.87
336.14022,positive,2.07E-06,-2.09
335.10605,positive,0.374105864,-0.63
335.10607,positive,0.590642257,-0.27
336.08746,positive,0.002858657,-0.59
338.1712,positive,1.18E-07,4.62
338.18236,positive,6.42E-14,4.12
339.28937,positive,6.05E-05,0.9
340.15367,positive,0.001539402,-0.75
342.26391,positive,0.000414265,0.81
342.30026,positive,0.384670523,0.11
343.04011,positive,0.000879065,-0.65
343.15348,positive,0.860577991,0.17
343.16463,positive,0.000874707,-0.67
344.25438,positive,2.07E-08,5.52
344.27954,positive,0.004320286,0.48
344.31596,positive,0.776401803,0.19
346.16088,positive,1.24E-08,4.98
364.12853,positive,0.021400487,-0.91
347.14971,positive,0.467151944,-0.17
349.13534,positive,0.002598873,3.84
351.10095,positive,0.381588459,-0.38
352.16486,positive,0.275199934,-0.19
353.11657,positive,0.197681145,-0.53
353.11659,positive,0.58069407,-0.36
353.11655,positive,0.036199382,-0.82
358.19727,positive,2.39E-07,6.96
360.14016,positive,1.25E-06,8.46
358.2702,positive,1.45E-08,4
361.18309,positive,1.45E-13,6.31
359.13504,positive,0.305083738,-0.27
361.20814,positive,1.13E-09,5.28
362.13803,positive,7.04E-06,4.89
360.14012,positive,0.000216732,1.68
381.10758,positive,0.000593913,-0.91
361.0874,positive,0.002055609,-0.66
361.27375,positive,0.000367732,0.71
362.0838,positive,0.00586748,-0.68
369.35159,positive,0.071964333,0.84
370.29521,positive,0.000676056,1.21
373.20818,positive,3.92E-07,7.12
373.20817,positive,1.79E-12,6.58
373.20813,positive,5.45E-07,4.72
374.15581,positive,4.05E-08,8.76
372.31081,positive,0.002627221,0.69
744.08305,positive,0.001099612,-0.59
375.19866,positive,7.28E-08,3.67
375.22382,positive,6.61E-09,4.08
375.22381,positive,8.73E-07,6.92
374.21467,positive,0.000108814,1.72
377.17796,positive,1.30E-11,5.13
375.22382,positive,1.34E-12,5.86
378.16601,positive,1.14E-06,4.16
381.14551,positive,0.002219653,-0.87
382.17213,positive,6.85E-07,3.31
384.15139,positive,1.24E-05,3.74
385.27376,positive,0.001317836,0.8
386.32652,positive,0.007929079,0.69
389.13205,positive,0.001685855,-0.97
387.28937,positive,0.000729011,0.91
389.30496,positive,0.009888893,0.93
390.1984,positive,1.18E-09,5.6
391.18241,positive,3.05E-06,4.3
391.19367,positive,1.80E-07,6.11
391.19372,positive,1.90E-07,5.26
391.21877,positive,7.62E-13,5.15
398.32651,positive,0.000655842,1.18
399.14455,positive,0.000855724,-0.5
401.21429,positive,2.05E-09,4.27
401.23957,positive,9.40E-09,5.73
400.34212,positive,0.01285242,0.56
403.19359,positive,3.37E-07,5.32
403.22998,positive,0.014060128,1.51
403.22998,positive,0.000953838,4.62
401.34161,positive,0.397621031,0.28
403.23001,positive,0.016119604,3.07
405.19836,positive,0.000839125,1.53
408.32375,positive,0.228614734,0.31
414.35786,positive,0.007562178,0.52
417.24573,positive,9.10E-06,4.16
416.33704,positive,0.794440686,0.08
419.18852,positive,8.17E-07,5.12
419.1886,positive,4.63E-09,3.32
419.22496,positive,5.55E-12,5.2
419.21377,positive,1.67E-07,3.9
852.18035,positive,0.028645194,-0.99
426.35784,positive,0.000728308,1.07
428.37341,positive,0.465744258,0.15
433.20421,positive,1.97E-06,4.04
440.40987,positive,0.007779028,0.72
445.24044,positive,3.25E-07,5.45
452.2772,positive,0.795519757,-0.08
454.29288,positive,0.664086126,0.01
456.40477,positive,0.610128529,0.21
458.18172,positive,0.021628374,-0.43
459.25624,positive,4.53E-06,3.31
468.30845,positive,0.45948938,-0.16
470.14391,positive,0.000551626,-0.79
468.30853,positive,0.999999844,0.05
472.25151,positive,4.09E-09,3.27
474.35782,positive,0.00905935,0.79
496.33983,positive,0.993973261,0.11
480.3449,positive,0.352766939,0.23
482.36059,positive,0.962218108,0.05
482.32432,positive,0.991056077,0.13
489.11474,positive,0.042727303,-0.45
510.3555,positive,0.316936692,0.17
499.2069,positive,1.87E-10,3.45
506.20275,positive,0.15503954,-0.32
506.36058,positive,0.120948798,0.32
508.00307,positive,0.063897721,-0.44
508.37623,positive,0.052591329,0.37
508.37621,positive,0.540867648,0.23
510.39185,positive,0.622449753,0
513.22239,positive,1.27E-06,2.89
522.35548,positive,0.280011606,0.26
526.29299,positive,0.543763313,0.19
538.08359,positive,0.001903953,-0.7
536.37117,positive,0.243109212,0.25
542.3236,positive,0.086822653,0.57
547.24722,positive,0.000427707,2.52
547.47225,positive,0.019983871,0.81
548.37131,positive,0.714429685,0.1
550.38689,positive,0.256339912,0.26
549.48796,positive,0.000366054,0.51
552.40265,positive,0.01517518,0.28
559.15825,positive,0.000157114,-0.92
560.07915,positive,0.000225007,-0.85
568.3399,positive,0.735125009,0.27
570.35561,positive,0.459695184,0.34
573.48795,positive,0.00355451,0.39
577.51925,positive,0.930223899,0.27
577.51945,positive,0.884526121,0.3
578.41815,positive,0.127479106,0.34
580.43397,positive,0.998778599,0.19
602.34863,positive,0.027799707,0.91
606.4495,positive,0.014055571,0.45
613.15941,positive,0.021493262,-0.65
636.49657,positive,0.987022721,-0.13
638.57277,positive,0.003845847,1.28
647.51254,positive,0.530182594,0.25
650.47527,positive,0.00471094,1.25
662.51254,positive,0.107953047,0.27
664.11668,positive,0.013099896,-1.21
664.52765,positive,0.613610826,0.09
675.54385,positive,0.615874128,0.09
678.50705,positive,0.054208076,0.23
676.49077,positive,0.000304123,1.06
676.52858,positive,0.795308697,-0.01
688.49127,positive,0.974427016,0.65
690.50723,positive,0.013652344,0.33
706.53849,positive,0.271514535,0.09
690.54339,positive,0.265782356,0.06
692.55926,positive,0.983762275,0.02
692.52296,positive,0.215368544,0.15
700.52801,positive,0.891042895,0.06
702.50813,positive,0.286358515,0.43
703.5751,positive,0.892874577,-0.1
704.52274,positive,0.002804118,0.63
716.5228,positive,0.001469045,0.4
716.55909,positive,0.012628813,0.39
717.55417,positive,0.830777665,0.15
718.53937,positive,0.00185352,0.31
718.53815,positive,0.741126945,0.51
738.50732,positive,0.005296636,0.5
718.57475,positive,0.008427311,0.32
724.52795,positive,0.025468785,0.2
742.53897,positive,0.935608677,0.42
725.42912,positive,0.128419636,-5.74
730.5386,positive,0.010181442,0.31
729.5907,positive,0.893330843,0.08
734.49701,positive,0.001000979,0.78
732.55406,positive,0.002061912,0.45
736.49129,positive,0.003625978,0.49
744.55414,positive,0.299733069,0.16
760.58526,positive,0.011944929,0.28
744.59038,positive,0.009941813,0.26
762.50753,positive,0.006208913,0.51
764.52278,positive,0.004536984,0.43
746.60595,positive,0.206477798,0.21
746.57023,positive,0.006131537,0.3
756.55423,positive,0.004360441,0.44
758.56972,positive,0.001600455,0.54
774.60144,positive,0.192913946,0.17
760.51269,positive,0.00410963,0.65
764.55778,positive,0.030994163,0.49
764.55904,positive,0.003998795,0.51
766.57475,positive,0.00454184,0.44
768.59054,positive,0.004490832,0.38
770.569,positive,0.396316706,-1.55
772.62159,positive,0.039234748,0.28
774.52872,positive,0.007994145,0.62
792.55427,positive,0.026300608,0.42
776.55949,positive,0.022679462,0.28
780.55416,positive,0.021351494,0.39
784.51114,positive,0.027606409,0.34
786.60103,positive,0.001587825,0.47
792.59049,positive,0.005281723,0.4
794.60626,positive,0.003489382,0.42
814.56017,positive,0.613734984,0.14
802.55967,positive,0.714122761,0.25
804.55407,positive,0.62930224,0.57
806.56969,positive,0.010726997,0.33
811.66903,positive,0.97956411,-0.09
814.63267,positive,0.026307369,0.41
818.60614,positive,0.001468134,0.55
820.62197,positive,0.011796437,0.32
832.58534,positive,0.004563259,0.55
834.60131,positive,0.002487817,0.4
838.55982,positive,0.047804346,0.26
844.60719,positive,0.687835161,0.38
850.66849,positive,0.032197228,0.59
856.58607,positive,0.09770475,1.12
860.61735,positive,0.045425865,0.61
158.04587,negative,0.016776693,-0.54
229.0466,negative,0.012507163,0.38
257.07792,negative,0.228991808,0.19
281.2486,negative,0.888111225,0.53
302.05177,negative,0.000308269,-1.14
318.14601,negative,1.28E-05,4.31
392.14627,negative,9.16E-09,3.29
94.98062,negative,0.890979946,-0.05
78.91887,negative,0.111959401,-0.24
87.00877,negative,0.18021595,-0.15
89.02442,negative,0.015748409,-0.44
101.06081,negative,0.007936959,-0.84
104.03532,negative,0.200217703,-0.24
124.00741,negative,0.000632931,-0.51
111.02001,negative,0.725933627,-0.12
112.93727,negative,0.126931487,-0.69
131.04623,negative,0.139935869,-0.11
133.01426,negative,0.009456962,-0.36
124.9914,negative,0.001964755,-1.22
128.03531,negative,0.029570355,-0.35
147.02987,negative,0.001849281,-0.56
129.05574,negative,0.056833055,-0.22
130.05098,negative,8.55E-06,1.73
130.05097,negative,1.30E-05,1.58
132.03023,negative,0.005455575,-0.61
132.03023,negative,0.579581164,0.05
133.05064,negative,0.006364777,-0.57
178.05096,negative,0.03491342,-0.37
135.02991,negative,0.01009763,-0.29
138.02303,negative,9.89E-05,-0.97
188.05644,negative,0.04595856,0.32
145.01429,negative,3.65E-05,-0.73
146.04588,negative,4.78E-07,2.79
164.07169,negative,0.843091531,0.03
151.02616,negative,0.12832612,-0.79
152.00231,negative,0.057608501,-0.66
306.07649,negative,0.004091129,-0.59
154.02747,negative,0.000122755,-0.76
154.06221,negative,0.819565635,0.2
174.04079,negative,0.990113793,0.06
157.03669,negative,0.458211669,-0.21
158.08226,negative,0.017023274,0.58
159.0775,negative,0.854844474,0.83
160.06153,negative,5.09E-06,2.23
160.06152,negative,1.25E-06,2.21
161.04555,negative,0.024831215,-0.35
179.0561,negative,0.000937791,-0.7
161.08196,negative,0.174444451,-0.48
164.03868,negative,0.069618008,-0.33
166.01796,negative,0.000690853,-0.64
166.97508,negative,0.553113456,-0.21
168.0431,negative,0.002459728,-0.64
168.98122,negative,0.000449118,-1
168.99075,negative,0.011959949,-0.62
171.00641,negative,0.011751428,-0.54
171.0064,negative,0.000452984,-1.02
172.09791,negative,2.15E-08,4.14
191.01972,negative,0.002958972,-0.72
173.00915,negative,0.001243577,-1.07
191.01973,negative,0.292059975,-0.57
173.08192,negative,0.590526638,-0.09
175.03603,negative,0.880795446,-0.61
353.0489,negative,0.668374344,-0.09
176.03868,negative,0.100333387,-0.49
176.03869,negative,0.02314987,-0.33
176.93594,negative,0.005400707,-0.44
178.05097,negative,0.68137784,-0.01
178.05096,negative,0.043634775,-0.32
179.05612,negative,0.889987221,0.06
180.03361,negative,0.000374724,-1.06
180.03358,negative,0.65965081,0.12
181.05064,negative,0.047605242,-0.41
227.10376,negative,0.919199761,0.23
184.98566,negative,0.050251231,-0.73
184.98565,negative,0.434504068,-0.28
187.00705,negative,0.933720355,0.3
187.07243,negative,3.71E-06,1.94
187.09756,negative,0.690796707,-0.12
188.06767,negative,1.57E-06,5.18
188.06767,negative,0.272924259,0.57
378.09756,negative,0.007832258,-0.58
190.05435,negative,9.90E-05,1.07
191.0496,negative,0.071199981,-0.49
191.06735,negative,0.007051359,0.61
191.08262,negative,0.007784561,-0.67
192.06662,negative,0.124728237,-0.18
195.05102,negative,0.00077029,-0.86
195.05101,negative,0.000640493,-0.68
196.02852,negative,1.46E-05,-2.66
392.18265,negative,0.002324474,2.02
199.07241,negative,0.857517507,-0.11
199.17035,negative,0.973480253,0.26
201.12449,negative,0.949679861,0.13
202.08332,negative,0.001203957,1.3
218.1034,negative,0.006248739,-0.41
203.06735,negative,3.32E-05,1.04
204.06663,negative,0.566540638,-0.12
204.98123,negative,0.000633959,-0.61
205.03536,negative,0.002312592,-0.64
206.08225,negative,0.000128413,3.6
211.00131,negative,0.125037764,-0.4
215.12889,negative,0.523116777,1.16
216.05136,negative,0.001949078,-0.74
217.03297,negative,0.225901747,-0.58
217.08303,negative,0.275618458,-0.81
218.06701,negative,0.571393857,-0.24
218.07823,negative,4.02E-05,4.89
218.07823,negative,1.54E-06,3.53
219.07751,negative,0.626481759,0.16
222.09836,negative,0.000875635,-0.75
223.03943,negative,2.14E-05,2.18
223.03941,negative,1.82E-05,2.32
226.99622,negative,0.001868527,-0.6
227.20165,negative,0.063145609,-3.72
229.01187,negative,0.023254936,-0.66
229.13463,negative,0.627230193,-0.22
230.11469,negative,4.17E-05,5.52
230.11466,negative,0.000425514,4.72
231.09864,negative,3.77E-06,1.9
231.13508,negative,0.842691464,0.31
232.09385,negative,1.35E-07,6.88
235.03943,negative,0.278624593,0.26
236.02344,negative,5.69E-05,-1.12
236.09285,negative,0.020306121,-0.32
237.09139,negative,0.074442464,-0.3
239.01415,negative,0.002367647,-0.43
239.23805,negative,0.006536337,0.73
241.01188,negative,0.003107252,-0.68
241.01188,negative,0.000365825,-0.84
241.07312,negative,0.24787348,0.24
242.11453,negative,0.000772298,5.32
242.11462,negative,0.008192594,3.41
243.02751,negative,0.034773356,-0.37
243.0809,negative,0.021611995,-0.34
243.0809,negative,0.133520378,-0.34
244.05915,negative,0.599508066,-0.02
245.04318,negative,0.07847196,-0.28
261.07281,negative,3.21E-05,1.33
245.07789,negative,7.98E-06,3.08
245.08913,negative,1.55E-07,6.42
245.08916,negative,0.013040376,0.39
246.07313,negative,4.18E-09,5.22
246.10951,negative,0.001723748,5.51
247.09357,negative,0.050810226,0.44
251.07069,negative,0.098070491,-0.6
252.01836,negative,0.000439907,-1.08
253.04997,negative,0.004419226,-0.42
253.09289,negative,0.000652872,-0.59
254.99108,negative,0.002177073,-0.49
255.23295,negative,0.850577182,0.45
256.09391,negative,0.198844088,0.44
258.03842,negative,3.70E-05,-0.9
274.14086,negative,2.09E-11,5.45
259.02243,negative,0.022058477,-1.24
259.02242,negative,0.000230005,-0.83
259.10478,negative,3.05E-08,5.79
259.1048,negative,6.82E-14,6.57
260.08882,negative,0.001438542,-0.66
260.08878,negative,0.000224394,4.26
260.08883,negative,1.82E-06,4.91
260.12522,negative,5.61E-06,5.33
260.12521,negative,0.000972166,2.86
265.01925,negative,0.042105537,-0.45
267.06562,negative,0.385736872,-0.27
267.09084,negative,0.446781529,-0.4
267.09862,negative,0.999774082,0.14
268.10516,negative,1.18E-05,5.79
271.00399,negative,0.331684345,-0.24
271.00471,negative,0.07600065,-0.29
271.22785,negative,0.715264914,0.29
272.12522,negative,2.84E-05,6.79
272.12521,negative,4.58E-06,5.14
272.16161,negative,5.05E-05,7.49
272.1616,negative,4.45E-05,6.37
273.00164,negative,0.00284511,-0.81
273.03808,negative,0.595612757,-0.18
273.07279,negative,1.87E-06,2.78
273.07626,negative,0.283594328,-0.28
290.08815,negative,0.007249702,-0.64
274.10446,negative,6.56E-11,3.12
274.10446,negative,0.561287597,0.32
274.1045,negative,0.167268849,1.32
274.14084,negative,3.39E-07,5.23
275.01735,negative,0.116735755,-1.18
275.08851,negative,0.790430192,-0.7
275.09972,negative,1.08E-07,4.52
275.09972,negative,2.46E-07,4.8
275.09973,negative,1.49E-05,1.43
275.10375,negative,0.257163281,0.64
276.08372,negative,7.90E-11,4.89
279.0809,negative,0.381837968,0.49
279.10208,negative,0.005226412,-0.57
279.23295,negative,0.793829711,0.83
565.04754,negative,0.006365154,-0.39
283.0684,negative,0.420533381,0.22
283.26422,negative,0.832517065,0.67
302.13576,negative,0.000228114,6.67
284.16157,negative,4.36E-09,6.04
284.16161,negative,1.28E-08,4.79
285.12037,negative,0.026345383,4.01
303.13101,negative,1.62E-11,5.8
286.17725,negative,7.26E-07,5.97
288.12012,negative,2.75E-07,2.78
288.1201,negative,1.15E-06,7.58
288.12012,negative,1.59E-06,5.28
289.03301,negative,0.013550234,-1.64
579.02681,negative,0.005318042,-0.83
333.09152,negative,0.969640067,0.27
289.11539,negative,6.44E-14,6.53
290.09938,negative,5.70E-06,5.37
588.07495,negative,0.010646129,-0.37
294.99342,negative,0.004033187,-0.81
295.04279,negative,0.988799046,0.04
295.09357,negative,0.964999048,0.2
298.02836,negative,0.031661191,-0.67
316.15131,negative,0.000603652,8.55
300.04899,negative,0.00010776,-0.92
301.15178,negative,1.43E-07,5.39
302.09938,negative,4.40E-07,3.04
302.13576,negative,1.53E-13,6.3
302.13574,negative,2.50E-06,3.33
606.07411,negative,0.000375671,-0.75
303.08342,negative,3.26E-08,5.66
303.09463,negative,4.85E-06,4.28
304.03401,negative,0.368153852,-0.35
304.13368,negative,1.94E-12,5.05
304.15144,negative,5.96E-07,2.91
304.15143,negative,4.58E-07,2.33
305.01805,negative,0.93117745,-0.57
305.01807,negative,0.294681791,-0.24
305.09658,negative,0.533725951,-0.3
307.03374,negative,0.005225337,-0.62
307.11217,negative,0.584669627,-0.57
308.09872,negative,0.000431648,-0.92
308.12525,negative,2.93E-05,1.43
309.03974,negative,0.180418872,0.18
309.10926,negative,8.20E-05,1.24
310.14085,negative,7.15E-07,5.45
313.04425,negative,0.116376859,-0.15
313.15178,negative,0.005503282,3.55
357.10917,negative,0.058103866,-0.36
314.11471,negative,0.596242154,0.03
314.13575,negative,0.000231078,3.5
314.13579,negative,1.81E-07,5.37
315.08106,negative,0.016529269,-0.31
315.13102,negative,0.002581938,5.48
315.29052,negative,0.036280687,0.46
316.07869,negative,4.90E-08,4.64
316.11506,negative,4.64E-06,5.49
317.1103,negative,9.14E-13,5.78
317.12557,negative,6.40E-05,3.27
318.14936,negative,1.77E-07,5.55
318.16713,negative,0.000190689,7.39
319.10822,negative,0.000223441,4.4
320.09207,negative,0.003401544,-0.48
320.14637,negative,0.330236064,0.33
320.16171,negative,5.07E-05,4.97
321.04938,negative,0.013280627,-0.65
321.10923,negative,0.001584079,5.27
323.02862,negative,0.224347568,-0.31
326.27013,negative,0.597709338,-0.23
329.08692,negative,0.973742533,0.11
329.17594,negative,0.837917845,-1.37
330.2035,negative,3.06E-08,5.95
331.12598,negative,1.86E-05,5.48
664.11742,negative,0.003392646,-1.17
350.13562,negative,1.13E-12,7.43
332.18279,negative,3.34E-09,6.54
333.05926,negative,0.00049067,-0.72
333.09154,negative,0.229629505,-0.2
333.10521,negative,0.000344284,3.24
334.10787,negative,2.77E-13,6.08
334.12563,negative,2.65E-08,4.32
334.17729,negative,1.96E-06,4.91
338.98866,negative,0.000204166,-0.87
339.32673,negative,0.975885279,0.52
341.10885,negative,0.001554924,-1.59
341.30611,negative,0.009065863,0.8
343.3217,negative,0.993260683,0.03
345.14148,negative,4.26E-11,4.31
345.14145,negative,6.42E-14,4.91
345.14154,negative,6.40E-05,1.4
345.14146,negative,1.84E-10,4.07
346.05571,negative,0.00068178,-0.77
346.07134,negative,0.516170318,-0.38
347.10298,negative,0.430753388,-0.3
347.12075,negative,1.73E-06,4.18
348.087,negative,0.113267365,-0.46
349.12027,negative,0.111988168,0.07
350.06214,negative,0.002708414,-0.63
352.11495,negative,3.34E-11,5.06
355.09315,negative,0.210640704,-0.28
355.12589,negative,4.80E-08,4.15
356.09212,negative,0.609787858,0.95
358.12541,negative,5.52E-06,2.21
359.12484,negative,0.249203432,-0.18
360.17753,negative,1.94E-06,7.07
361.00708,negative,0.698490217,-0.65
361.13644,negative,2.25E-05,4.9
362.05066,negative,0.121485659,-0.42
364.08196,negative,0.990716615,0.2
365.11522,negative,0.000167511,-1.28
365.34236,negative,0.025631589,0.59
367.35807,negative,0.946933014,0.24
370.14019,negative,0.442459642,-0.65
371.15717,negative,3.92E-07,4.13
371.15719,negative,2.02E-13,3.83
371.19353,negative,1.09E-06,2.67
372.21393,negative,1.06E-05,5.54
373.17277,negative,0.000437115,5.03
374.15682,negative,1.06E-08,5.92
375.11567,negative,5.58E-06,1.93
375.13114,negative,6.42E-14,4.75
375.15204,negative,4.08E-10,3.86
376.11828,negative,0.935810463,0.15
378.09759,negative,0.030812243,-0.51
378.13401,negative,0.000841176,-0.56
378.1306,negative,0.000989601,3.61
760.51335,negative,0.388934254,0.35
380.01525,negative,0.001020236,-1.65
381.18913,negative,0.001610567,4
382.17315,negative,5.27E-06,6.06
766.1079,negative,0.074613198,-0.44
383.35292,negative,0.99183596,0.41
774.52898,negative,0.931235807,0.17
389.16774,negative,6.53E-05,4.86
389.16784,negative,9.49E-07,2.83
784.1499,negative,0.445406552,-0.13
392.11325,negative,0.943017477,-0.01
786.52895,negative,0.18713099,0.38
399.14421,negative,0.005604834,-0.67
401.05067,negative,0.014979819,-0.46
417.19915,negative,6.10E-08,4.52
401.21526,negative,2.72E-08,4.54
401.24047,negative,6.79E-07,4.99
402.01086,negative,0.060158625,-0.46
402.99482,negative,0.020444284,-0.54
403.1835,negative,2.93E-05,3.06
403.18337,negative,2.58E-08,4.91
403.19458,negative,1.27E-13,4.5
808.11823,negative,0.002146583,-0.66
417.19904,negative,3.06E-06,4.78
836.14989,negative,0.157334428,-0.26
419.2146,negative,0.001144693,2.03
426.02206,negative,0.07693889,-0.41
429.23543,negative,4.46E-07,3.69
431.18946,negative,8.35E-10,3.82
431.19357,negative,0.003547755,3.7
435.17321,negative,0.000232972,-0.91
436.28337,negative,0.999976806,0.1
437.26732,negative,0.241271022,0.16
440.13236,negative,0.414568561,-0.16
442.01703,negative,0.000851243,-0.6
445.05305,negative,0.00247233,-0.77
445.15748,negative,0.074015681,-0.49
445.36875,negative,0.001719265,1.16
448.30684,negative,0.985794115,-0.08
451.34299,negative,0.695636627,-0.04
460.32803,negative,0.131642176,0.4
463.28305,negative,0.296981501,0.21
480.30959,negative,0.970265453,0.04
465.30435,negative,0.089426969,0.49
465.29849,negative,0.160408887,0.07
478.29396,negative,0.585869267,0.19
480.98195,negative,0.002060441,-0.8
481.16399,negative,0.040772826,0.34
481.97723,negative,0.00183632,-0.64
482.96114,negative,0.004458649,-0.89
492.30954,negative,0.050801577,0.17
498.26282,negative,0.780665227,0.02
498.28944,negative,0.653030742,-0.08
500.27836,negative,0.417983668,0.15
505.98827,negative,0.000471043,-0.73
506.32524,negative,0.993718683,0.05
508.47356,negative,0.011953335,0.6
514.28451,negative,0.51803719,-0.27
521.98338,negative,0.001745815,-0.78
522.28376,negative,0.181940725,-0.18
524.29944,negative,0.000972589,-0.52
528.30983,negative,0.135993179,0.32
535.03714,negative,0.003336274,-0.72
544.18835,negative,0.000599668,-0.86
551.34669,negative,0.922028628,0.04
558.06425,negative,0.002338158,-0.53
577.37464,negative,0.628889597,0.17
586.05929,negative,0.59663851,-0.41
597.30457,negative,0.019448473,-0.55
599.3203,negative,0.006782732,-0.52
604.06993,negative,0.001152402,-0.8
604.43481,negative,0.91268675,-0.02
619.28887,negative,0.024999343,-0.58
631.43484,negative,0.282454904,0.19
632.20438,negative,0.001078706,-0.62
632.46648,negative,0.991736033,-0.03
659.46605,negative,0.066407558,0.17
665.21451,negative,0.00379727,-1.77
671.46564,negative,0.018717575,0.5
672.49735,negative,0.968152432,0.03
673.0914,negative,0.002077861,-0.88
673.23072,negative,0.032644982,-0.68
685.48151,negative,0.003961725,0.18
693.47101,negative,0.616245094,-0.2
695.46536,negative,0.033429236,0.56
700.52892,negative,0.600670254,-0.35
702.50809,negative,0.923544181,0.07
712.4927,negative,0.419558239,0.03
719.48665,negative,0.000100366,0.88
721.48154,negative,0.002780631,0.37
784.51346,negative,0.028836012,0.49
745.50249,negative,0.000735926,1.09
747.51819,negative,0.011046084,0.5
753.23898,negative,0.12282562,0.21
771.51843,negative,4.56E-05,1.01
773.53394,negative,0.000737717,1.01
793.50263,negative,0.004667743,0.56
788.5238,negative,0.003432882,0.43
791.48677,negative,3.76E-05,1.36
850.56042,negative,0.010745515,0.39
807.50264,negative,0.051703984,0.58
810.52918,negative,0.080093755,0.38
815.48656,negative,0.020177391,0.96
817.50254,negative,0.00052002,0.91
819.51818,negative,0.000575871,0.97
827.2672,negative,0.001014231,-1.83
832.60788,negative,0.017713634,0.27
838.56124,negative,0.548157075,0.21
843.51834,negative,0.000697322,0.88
857.51835,negative,0.33850963,0.28
861.54989,negative,0.48156447,0.38
865.50235,negative,0.002353864,0.75
885.54955,negative,0.749538814,0.22
878.59174,negative,0.041317794,0.79
883.53398,negative,0.209953964,0.49
