m.z,mode,t.score,p.value
84.08076,positive,-1.35,0.003900312
280.26351,positive,0.09,0.779408013
282.27915,positive,0.91,0.000425997
518.49313,positive,0.01,0.996980361
520.50894,positive,-1.75,0.011928119
722.51215,positive,0.2,0.041135945
748.52783,positive,0.5,0.000342825
76.03932,positive,-0.13,0.326905645
76.07569,positive,-0.64,0.013124338
83.06036,positive,-1.73,1.12E-05
83.06036,positive,1.25,0.455188033
104.07061,positive,-0.29,0.001126831
86.06002,positive,-0.68,0.009943585
90.05495,positive,-1.06,1.18E-07
90.05493,positive,-0.63,0.00111173
110.02702,positive,-0.97,1.45E-05
97.02839,positive,-0.97,0.002470613
120.06552,positive,-0.22,0.215067167
102.12771,positive,-0.36,0.003793401
104.10698,positive,-1.19,0.000210994
114.06617,positive,-0.67,0.011412968
116.07059,positive,-0.67,0.000192438
131.11789,positive,-0.71,0.000649582
117.06586,positive,-1.28,8.90E-05
123.05529,positive,-1.1,0.004502956
128.07061,positive,0.16,0.591044686
128.0706,positive,-0.71,0.010645162
132.10191,positive,-0.43,0.036112675
132.10191,positive,-0.42,0.054217913
131.0815,positive,-2.34,2.38E-05
131.11789,positive,-0.95,0.000822868
132.07675,positive,-0.96,5.05E-05
132.06552,positive,0.13,0.974431175
144.10193,positive,-1.04,6.06E-05
147.07642,positive,0.14,0.854322998
146.02704,positive,-0.38,0.296155025
148.06045,positive,-0.39,0.001100992
146.11757,positive,-0.96,9.01E-05
146.09246,positive,-2.22,3.44E-07
146.11757,positive,-0.01,0.855053464
146.08119,positive,-1.29,0.000364995
148.0427,positive,-1.08,0.010201226
148.04269,positive,-0.76,0.019507129
148.09681,positive,0.52,0.05012113
168.06551,positive,-0.82,0.000748754
175.11894,positive,-1.01,0.004878018
158.11756,positive,-0.59,0.002238159
160.04266,positive,-0.63,0.146557621
160.09684,positive,-0.42,0.284994646
160.13321,positive,-1.01,4.97E-05
162.0761,positive,-0.9,3.05E-05
162.0761,positive,-0.95,0.000271841
162.11245,positive,-0.88,9.11E-05
164.07398,positive,-0.21,0.174889388
166.04983,positive,0.2,0.207548018
167.09273,positive,-0.64,0.021796585
170.08117,positive,-0.82,0.021088126
168.07675,positive,-0.82,0.003464225
170.05766,positive,-0.99,0.000566986
170.0924,positive,-0.22,0.144780227
171.07643,positive,-0.63,0.031322113
174.08735,positive,-1.2,0.003575868
175.07131,positive,-2.49,7.45E-05
175.1077,positive,-0.65,0.0377417
175.14409,positive,-1.08,0.111665731
176.07061,positive,-1.04,0.155668613
176.09174,positive,-0.89,0.002591129
176.09177,positive,-0.34,0.008124344
176.99473,positive,-0.24,0.165786472
178.08625,positive,-0.67,0.000183492
178.13385,positive,0.12,0.500905554
182.08114,positive,-0.31,0.045119377
180.10189,positive,0.55,0.257514377
184.07329,positive,-0.13,0.190562594
184.0968,positive,-0.76,0.00033553
184.0968,positive,-0.8,0.000163775
188.17573,positive,-0.6,0.027593179
191.06624,positive,0.25,0.050235892
189.08696,positive,-1.99,6.67E-05
189.08697,positive,-1.46,6.87E-05
189.13459,positive,-1.12,0.007505269
189.1346,positive,-1.53,8.87E-06
189.15974,positive,-0.91,0.002467356
192.06552,positive,3.2,0.000119191
194.04478,positive,-0.1,0.788469556
198.0873,positive,-1.3,0.014157542
198.08731,positive,-1.28,0.014932845
196.09682,positive,0.1,0.324171717
198.08734,positive,-0.44,0.292153778
203.05261,positive,-0.88,4.30E-05
219.09754,positive,-1.96,6.21E-07
203.05263,positive,-0.93,0.557599287
203.13902,positive,-0.97,0.002950889
203.15023,positive,-1.03,0.002674583
204.09787,positive,2.47,0.038101143
204.12301,positive,0.44,0.012103043
206.13869,positive,1.79,0.520356699
204.13424,positive,-0.86,0.061445942
205.08193,positive,0.67,0.002284813
209.09208,positive,3.29,1.88E-06
211.14403,positive,-0.61,0.001389936
211.16927,positive,0.12,0.63278298
212.04312,positive,-0.56,0.006114986
215.13906,positive,-0.57,0.001278169
216.06314,positive,1.65,1.56E-05
217.1295,positive,-0.75,0.000455997
218.13864,positive,-1.4,5.51E-06
218.18628,positive,-1.64,2.04E-06
219.00532,positive,-1.89,9.31E-06
219.07641,positive,2.59,8.85E-06
219.21073,positive,5.08,0.100803453
223.10772,positive,-0.56,0.259834833
227.1139,positive,-1.25,0.003518302
229.11827,positive,-1.26,0.018291306
230.09577,positive,1.4,2.58E-06
230.18631,positive,0.19,0.398317668
231.17032,positive,-0.51,0.391456138
232.15433,positive,-0.28,0.082759178
237.08084,positive,-0.73,0.021743412
239.10594,positive,-3.02,0.005221305
245.18596,positive,0.42,0.316439561
245.05905,positive,-1.28,7.80E-06
248.12411,positive,0.18,0.418216347
246.14485,positive,-0.27,0.832793339
246.16994,positive,-1.47,1.87E-05
246.18122,positive,-0.83,0.000352859
247.09381,positive,-0.39,0.657693126
247.0938,positive,-0.68,0.016220462
247.09379,positive,1.05,0.000292389
247.0938,positive,-0.48,0.001505838
247.14011,positive,-0.5,0.040450732
248.09108,positive,0.19,0.000872868
248.08774,positive,-0.63,0.003518453
248.14927,positive,-0.63,0.017348077
251.06965,positive,-1.85,0.060767024
253.08529,positive,-1.58,0.008122219
251.0696,positive,-1.02,0.392835338
253.08196,positive,-1.16,1.02E-05
255.09758,positive,-1.41,1.02E-05
258.11008,positive,1.95,1.46E-05
258.11013,positive,-1.04,0.000480657
260.1241,positive,-0.56,0.115106703
259.02136,positive,-1.94,0.004126364
259.09243,positive,-1.51,0.000224566
277.10305,positive,0.44,0.036696402
261.15579,positive,0.38,0.394071172
278.12342,positive,-0.68,0.12816848
260.1605,positive,-0.98,0.00528023
260.16045,positive,-0.13,0.83871963
260.16055,positive,-0.74,0.179116388
260.19691,positive,-1.26,2.07E-06
260.19692,positive,0.14,0.980373868
262.12853,positive,-2.32,4.16E-07
262.15093,positive,0.36,0.174186386
262.16491,positive,-1.04,3.47E-05
264.11902,positive,-0.66,0.194584377
265.11178,positive,-0.32,0.022999024
266.0884,positive,0.07,0.89429466
266.86568,positive,-1.8,9.17E-05
268.104,positive,-0.68,0.011287244
270.27917,positive,-0.07,0.999945156
271.07473,positive,-1.06,0.000662121
291.12996,positive,-0.99,0.000176443
274.27411,positive,0.67,0.012150374
274.18738,positive,0.61,0.104119779
277.08943,positive,-2.03,1.63E-06
275.17144,positive,0.37,0.405039105
276.15542,positive,-0.59,0.016529714
276.18059,positive,-3.32,9.80E-06
277.11431,positive,-1.18,0.000129795
278.09829,positive,-1.28,0.004355969
281.14959,positive,0.04,0.668363018
279.1704,positive,0.68,0.048799417
282.11837,positive,-1.28,0.013915127
283.07471,positive,-0.85,9.89E-05
286.13977,positive,-0.47,0.930362641
286.17614,positive,-0.83,0.084710671
288.11904,positive,-0.61,0.015414194
306.07548,positive,-0.61,0.001180871
288.20303,positive,0.06,0.683788479
288.21698,positive,-0.56,0.000285899
335.10604,positive,-1.11,0.036598073
289.16194,positive,0.14,0.383086965
289.1619,positive,-0.65,0.006760153
309.12928,positive,-1.26,0.01276772
291.12996,positive,-0.61,0.000502276
294.14495,positive,0.12,0.844076883
298.09686,positive,-0.52,0.000187727
298.09686,positive,-0.88,0.000198237
302.13471,positive,0.3,0.982268473
302.17109,positive,-0.24,0.17761853
302.17108,positive,-0.22,0.136894239
302.3054,positive,0.82,0.003516184
302.3054,positive,0.79,0.106000349
349.1176,positive,-1.59,9.88E-06
303.17758,positive,0.6,0.001836854
303.17758,positive,0.38,0.060586749
304.11413,positive,0.89,0.000726053
304.16157,positive,0.17,0.402127945
613.15942,positive,-0.75,0.01612591
305.09799,positive,-3.11,6.64E-07
305.18198,positive,-0.18,0.261036366
306.16589,positive,-0.3,0.109878658
307.11112,positive,-1.62,0.026239829
307.22683,positive,1.11,0.088369477
310.17618,positive,4.84,8.55E-06
316.15031,positive,-0.88,0.895836415
316.15028,positive,-0.19,0.241914566
316.24828,positive,-0.92,9.62E-06
319.07239,positive,-1.23,6.49E-05
317.14565,positive,-2.09,1.43E-05
318.12961,positive,-0.05,0.99786609
320.18165,positive,-0.14,0.760040383
319.12485,positive,-1.15,0.001801491
323.22177,positive,0.9,0.097478191
326.20746,positive,0.8,0.001236092
343.12352,positive,-0.65,0.167926245
325.15405,positive,-1.07,0.000859312
325.27383,positive,0.14,0.6605919
346.19728,positive,-3.64,0.000404107
327.15847,positive,-0.37,0.033199259
330.07306,positive,-1.03,0.001635401
332.14527,positive,-0.04,0.731120775
330.16595,positive,-1.62,0.002428838
330.23881,positive,0.33,0.041122537
333.14053,positive,-0.39,0.047523836
332.14525,positive,0.03,0.788577534
332.14518,positive,-0.9,0.62693424
664.11661,positive,-1.3,7.76E-06
333.09044,positive,-2.19,0.001901233
336.14022,positive,-0.38,0.012069026
335.10605,positive,-1.46,0.022565988
335.10607,positive,-1.01,0.079721189
336.08746,positive,2.21,3.09E-06
338.1712,positive,-0.03,0.961580473
338.18236,positive,0.4,0.000161069
339.28937,positive,0.69,0.000262438
340.15367,positive,-1.89,7.53E-06
342.26391,positive,-0.03,0.926325152
342.30026,positive,-0.72,0.08072451
343.04011,positive,-1.84,1.54E-06
343.15348,positive,0.91,0.001997544
343.16463,positive,-0.83,0.000721538
344.25438,positive,0.32,0.089059592
344.27954,positive,-0.06,0.667234914
344.31596,positive,-0.48,0.109217637
346.16088,positive,-0.9,0.000308474
364.12853,positive,-1.63,0.002775417
347.14971,positive,-0.31,0.598121148
349.13534,positive,-0.86,0.714288435
351.10095,positive,-1.29,0.050664507
352.16486,positive,-0.53,0.019738897
353.11657,positive,-1.26,0.018516098
353.11659,positive,-1.33,0.037832646
353.11655,positive,-2.4,0.000506306
358.19727,positive,-0.52,0.051652149
360.14016,positive,-0.07,0.676961559
358.2702,positive,0.29,0.111431548
361.18309,positive,-0.25,0.088319425
359.13504,positive,-0.95,0.002129868
361.20814,positive,-0.21,0.285384308
362.13803,positive,-0.59,0.038898548
360.14012,positive,1.11,0.00168989
381.10758,positive,-1.71,1.94E-05
361.0874,positive,2.07,3.49E-06
361.27375,positive,1.14,1.90E-05
362.0838,positive,2.08,6.17E-06
369.35159,positive,0.39,0.191911212
370.29521,positive,0.64,0.031071804
373.20818,positive,-0.2,0.701786908
373.20817,positive,-0.24,0.106251655
373.20813,positive,-0.82,0.00261214
374.15581,positive,-0.02,0.63333097
372.31081,positive,0.36,0.120949965
744.08305,positive,-1.74,3.30E-06
375.19866,positive,0.02,0.995524759
375.22382,positive,-0.3,0.03175085
375.22381,positive,0.02,0.952283691
374.21467,positive,-0.02,0.844159359
377.17796,positive,-0.01,0.606581819
375.22382,positive,-0.22,0.127185402
378.16601,positive,-0.6,0.011637697
381.14551,positive,-0.63,0.004068078
382.17213,positive,-0.33,0.094676893
384.15139,positive,-0.18,0.931318323
385.27376,positive,0.78,0.001289881
386.32652,positive,1.04,0.001285707
389.13205,positive,-1.15,0.000276113
387.28937,positive,1.66,2.08E-05
389.30496,positive,1.69,0.000317922
390.1984,positive,-0.22,0.114661065
391.18241,positive,0.71,0.102533294
391.19367,positive,0.93,0.011211305
391.19372,positive,-0.29,0.672805407
391.21877,positive,-0.1,0.293412484
398.32651,positive,1.01,0.003145877
399.14455,positive,-0.82,3.00E-05
401.21429,positive,-0.28,0.143359077
401.23957,positive,0.28,0.209985625
400.34212,positive,0.6,0.03148199
403.19359,positive,0.28,0.298968007
403.22998,positive,0.13,0.984306953
403.22998,positive,0.13,0.486721927
401.34161,positive,0.77,0.009894169
403.23001,positive,-1.73,0.891914961
405.19836,positive,0.6,0.186202513
408.32375,positive,-0.75,0.00186232
414.35786,positive,1.35,5.10E-05
417.24573,positive,0.91,0.011126462
416.33704,positive,0.61,0.00429159
419.18852,positive,0.7,0.099527532
419.1886,positive,-0.54,0.000230427
419.22496,positive,-0.43,0.001768084
419.21377,positive,-0.19,0.51483471
852.18035,positive,-1.82,0.004861514
426.35784,positive,1.39,0.000313323
428.37341,positive,1.23,0.000166433
433.20421,positive,-0.12,0.346674953
440.40987,positive,1.36,0.000660703
445.24044,positive,-0.53,0.012581251
452.2772,positive,0.65,0.060235267
454.29288,positive,0.17,0.345774333
456.40477,positive,1.6,0.00013714
458.18172,positive,-0.62,0.003370308
459.25624,positive,-0.79,0.00513638
468.30845,positive,0.71,0.004561897
470.14391,positive,-1.83,6.97E-06
468.30853,positive,0.25,0.172231188
472.25151,positive,-0.86,1.82E-05
474.35782,positive,0.77,0.024524329
496.33983,positive,0.93,0.000191449
480.3449,positive,-0.3,0.239533956
482.36059,positive,-0.1,0.550384203
482.32432,positive,1.3,6.14E-05
489.11474,positive,0.36,0.030281866
510.3555,positive,1.73,2.84E-06
499.2069,positive,-0.78,3.71E-05
506.20275,positive,-0.49,0.045829834
506.36058,positive,-0.08,0.910190717
508.00307,positive,-0.94,0.001656738
508.37623,positive,-0.29,0.155926722
508.37621,positive,0.55,0.051019828
510.39185,positive,0.03,0.972521613
513.22239,positive,-1.09,0.000900471
522.35548,positive,1.06,0.00028625
526.29299,positive,0.89,0.004534719
538.08359,positive,-0.43,0.019639031
536.37117,positive,1.59,2.36E-05
542.3236,positive,1.59,0.000138024
547.24722,positive,2.54,0.000260599
547.47225,positive,1.4,0.000609482
548.37131,positive,1.59,2.51E-05
550.38689,positive,1.43,1.64E-05
549.48796,positive,0.44,0.000770266
552.40265,positive,1.25,7.70E-06
559.15825,positive,-1.46,6.90E-06
560.07915,positive,-1.73,2.83E-06
568.3399,positive,1.13,0.005053164
570.35561,positive,1.46,0.001107328
573.48795,positive,1.1,6.70E-06
577.51925,positive,-0.03,0.996553271
577.51945,positive,-0.45,0.756249991
578.41815,positive,1.38,5.41E-05
580.43397,positive,0.84,0.048762147
602.34863,positive,2.17,0.000111067
606.4495,positive,1.18,4.63E-05
613.15941,positive,-1.8,5.47E-05
636.49657,positive,1.24,0.000303955
638.57277,positive,0.53,0.338817453
647.51254,positive,1.06,0.001909858
650.47527,positive,1.29,0.001618051
662.51254,positive,-0.03,0.942545518
664.11668,positive,-0.53,0.206591771
664.52765,positive,0.39,0.002547492
675.54385,positive,0.89,0.000425352
678.50705,positive,-0.42,0.003432853
676.49077,positive,0.6,0.003311118
676.52858,positive,-0.54,0.033520408
688.49127,positive,0.58,0.438528636
690.50723,positive,-0.21,0.124839382
706.53849,positive,-0.25,0.031615551
690.54339,positive,-0.99,2.18E-06
692.55926,positive,-1.04,4.91E-05
692.52296,positive,-0.14,0.226407183
700.52801,positive,-0.16,0.99446611
702.50813,positive,0.61,0.2279514
703.5751,positive,-0.55,0.16115088
704.52274,positive,0.34,0.04905415
716.5228,positive,0.4,0.000770163
716.55909,positive,-0.32,0.014060502
717.55417,positive,0.1,0.56696369
718.53937,positive,0.4,0.000702555
718.53815,positive,-0.19,0.99119479
738.50732,positive,0.82,0.000358415
718.57475,positive,-0.63,0.000459023
724.52795,positive,-0.14,0.163657157
742.53897,positive,-0.14,0.72450601
725.42912,positive,-5.76,0.124371953
730.5386,positive,0.71,0.000301395
729.5907,positive,-0.39,0.22020371
734.49701,positive,-0.03,0.722722019
732.55406,positive,0.16,0.109638623
736.49129,positive,1.06,0.000163374
744.55414,positive,0.29,0.06883388
760.58526,positive,0.02,0.528055271
744.59038,positive,-0.43,0.003518244
762.50753,positive,1.04,0.000293274
764.52278,positive,0.94,5.14E-05
746.60595,positive,-0.67,0.002703184
746.57023,positive,0.44,0.000843043
756.55423,positive,1.13,2.39E-05
758.56972,positive,0.9,7.24E-05
774.60144,positive,0.28,0.015469901
760.51269,positive,0.53,0.006890776
764.55778,positive,0.56,0.070831222
764.55904,positive,1.43,1.93E-05
766.57475,positive,0.76,0.000261954
768.59054,positive,0.29,0.017038628
770.569,positive,1.64,0.520915496
772.62159,positive,-0.79,0.000801963
774.52872,positive,1.09,0.000359109
792.55427,positive,0.87,0.000405643
776.55949,positive,0.52,0.001453937
780.55416,positive,1.49,2.99E-05
784.51114,positive,0.04,0.422507244
786.60103,positive,0.91,3.50E-05
792.59049,positive,0.77,0.000217599
794.60626,positive,0.44,0.003536349
814.56017,positive,0.05,0.55990658
802.55967,positive,0.21,0.159249581
804.55407,positive,1.59,0.003003288
806.56969,positive,1.58,5.87E-06
811.66903,positive,-0.25,0.984765328
814.63267,positive,0.59,0.00398856
818.60614,positive,0.89,0.000118202
820.62197,positive,0.47,0.009907668
832.58534,positive,1.34,2.33E-05
834.60131,positive,1.59,1.53E-06
838.55982,positive,0.04,0.460424243
844.60719,positive,-0.59,0.65470552
850.66849,positive,0.02,0.557288337
856.58607,positive,3,0.006175485
860.61735,positive,1.9,4.86E-05
158.04587,negative,-0.45,0.014617378
229.0466,negative,-0.23,0.044409957
257.07792,negative,-0.21,0.198388434
281.2486,negative,0.91,0.329750791
302.05177,negative,-2.77,1.20E-06
318.14601,negative,-0.5,0.161803815
392.14627,negative,-0.35,0.010390721
94.98062,negative,-0.38,0.006536538
78.91887,negative,-0.75,0.000912279
87.00877,negative,-1.44,0.000431622
89.02442,negative,-1.22,0.000240254
101.06081,negative,-0.85,0.00350453
104.03532,negative,0.16,0.497848408
124.00741,negative,-0.78,4.92E-05
111.02001,negative,0.14,0.999953359
112.93727,negative,-0.92,0.151361075
131.04623,negative,0.28,0.410848838
133.01426,negative,-0.47,0.001718728
124.9914,negative,-1.8,7.22E-05
128.03531,negative,-0.68,0.002510792
147.02987,negative,-0.19,0.104233405
129.05574,negative,-0.57,0.005280439
130.05098,negative,0.22,0.172958473
130.05097,negative,-0.13,0.638338765
132.03023,negative,2.78,4.41E-07
132.03023,negative,0,0.998928929
133.05064,negative,-0.7,0.002262354
178.05096,negative,-0.59,0.00208182
135.02991,negative,0.04,0.965577526
138.02303,negative,-1.75,1.93E-06
188.05644,negative,-0.4,0.024668127
145.01429,negative,-1.31,1.02E-06
146.04588,negative,1.04,0.000116605
164.07169,negative,-0.13,0.196612428
151.02616,negative,-2.38,0.001707732
152.00231,negative,-0.32,0.318504677
306.07649,negative,-1.43,3.87E-05
154.02747,negative,-0.88,6.86E-05
154.06221,negative,0.19,0.742996594
174.04079,negative,-1.18,8.76E-06
157.03669,negative,-0.06,0.62125257
158.08226,negative,-0.44,0.01654367
159.0775,negative,-0.1,0.570680382
160.06153,negative,-0.01,0.957769015
160.06152,negative,-0.29,0.146302062
161.04555,negative,-1.06,3.28E-05
179.0561,negative,-1.3,5.03E-05
161.08196,negative,-0.34,0.175003707
164.03868,negative,-0.19,0.378388872
166.01796,negative,0.53,0.003373258
166.97508,negative,-0.55,0.124387806
168.0431,negative,-0.8,0.000957579
168.98122,negative,-1.96,6.41E-06
168.99075,negative,0.07,0.916146696
171.00641,negative,2.38,4.84E-06
171.0064,negative,-0.52,0.02056121
172.09791,negative,0.35,0.092484753
191.01972,negative,0.09,0.684269605
173.00915,negative,-0.07,0.890044082
191.01973,negative,0.19,0.908922515
173.08192,negative,0.38,0.368483616
175.03603,negative,2.97,0.000267443
353.0489,negative,-1.08,0.022579583
176.03868,negative,-2.15,0.000350942
176.03869,negative,-0.02,0.910185651
176.93594,negative,-1.12,5.95E-05
178.05097,negative,-1.05,0.02849437
178.05096,negative,-0.55,0.001560031
179.05612,negative,-0.46,0.278443464
180.03361,negative,-1.55,2.65E-05
180.03358,negative,0.88,0.000592174
181.05064,negative,-0.51,0.010324308
227.10376,negative,-0.38,0.825653087
184.98566,negative,-0.42,0.078323724
184.98565,negative,-0.57,0.24001025
187.00705,negative,-0.85,0.089931989
187.07243,negative,0.48,0.007247669
187.09756,negative,0.13,0.987784246
188.06767,negative,-2.24,0.000100995
188.06767,negative,-0.1,0.780812224
378.09756,negative,-0.69,0.005496127
190.05435,negative,1.8,4.01E-06
191.0496,negative,-2.09,0.000175708
191.06735,negative,-0.17,0.856806494
191.08262,negative,-1.07,0.000539804
192.06662,negative,-0.74,0.004070958
195.05102,negative,-6.19,7.46E-10
195.05101,negative,0.58,0.001226582
196.02852,negative,-1.03,0.002731019
392.18265,negative,-4.56,3.84E-05
199.07241,negative,-1,0.041243729
199.17035,negative,0.17,0.552884979
201.12449,negative,-0.2,0.737791554
202.08332,negative,0.32,0.297651428
218.1034,negative,-0.99,2.81E-05
203.06735,negative,0.09,0.775173713
204.06663,negative,-1.12,0.057387104
204.98123,negative,-0.34,0.013701097
205.03536,negative,-0.78,0.00054222
206.08225,negative,-0.93,0.045046047
211.00131,negative,-0.16,0.383876898
215.12889,negative,0.84,0.972097276
216.05136,negative,-2.65,8.30E-07
217.03297,negative,-6.5,2.37E-06
217.08303,negative,0.19,0.728150735
218.06701,negative,-0.03,0.611713715
218.07823,negative,-0.61,0.181574574
218.07823,negative,0.17,0.571881111
219.07751,negative,5.74,1.57E-07
222.09836,negative,-0.86,0.000276447
223.03943,negative,-0.38,0.162706465
223.03941,negative,-0.01,0.655895282
226.99622,negative,-0.61,0.001348754
227.20165,negative,-3.48,0.08003377
229.01187,negative,-1.04,0.003007689
229.13463,negative,-1.36,0.034785567
230.11469,negative,0.12,0.999815511
230.11466,negative,-1.36,0.636989252
231.09864,negative,0.51,0.00821404
231.13508,negative,-0.05,0.992714733
232.09385,negative,2.69,1.42E-05
235.03943,negative,-0.48,0.144676004
236.02344,negative,-0.85,0.00022103
236.09285,negative,0.25,0.045226514
237.09139,negative,-0.77,0.005417287
239.01415,negative,-0.25,0.017716272
239.23805,negative,-1.05,0.001257971
241.01188,negative,-1.33,0.000152822
241.01188,negative,-0.82,0.000334325
241.07312,negative,-0.1,0.59835417
242.11453,negative,-0.52,0.885476727
242.11462,negative,-3.2,0.010416605
243.02751,negative,-0.7,0.002063744
243.0809,negative,-1.19,7.84E-05
243.0809,negative,-1.18,0.000526138
244.05915,negative,-0.17,0.074232998
245.04318,negative,-0.43,0.01744876
261.07281,negative,1.06,0.000133905
245.07789,negative,1.12,0.007280757
245.08913,negative,-0.52,0.204966727
245.08916,negative,-0.26,0.203591885
246.07313,negative,-0.63,0.003769968
246.10951,negative,2.17,0.117754393
247.09357,negative,-0.15,0.593722044
251.07069,negative,-1.52,0.003328046
252.01836,negative,-1.69,2.11E-05
253.04997,negative,-1.04,1.74E-05
253.09289,negative,-2.16,6.79E-07
254.99108,negative,-1.01,1.94E-05
255.23295,negative,1.17,0.17605372
256.09391,negative,0.22,0.202459117
258.03842,negative,-1.7,1.16E-06
274.14086,negative,-0.79,0.000126221
259.02243,negative,-0.36,0.312254134
259.02242,negative,-1.85,2.14E-06
259.10478,negative,0.03,0.844133639
259.1048,negative,-0.1,0.340161831
260.08882,negative,-1.34,4.45E-05
260.08878,negative,0.21,0.459969038
260.08883,negative,0.71,0.253858102
260.12522,negative,0.74,0.445184599
260.12521,negative,-4.62,0.000156169
265.01925,negative,-0.93,0.000755114
267.06562,negative,-1.02,0.026113389
267.09084,negative,-0.91,0.056097304
267.09862,negative,0.42,0.80790555
268.10516,negative,0.01,0.826013265
271.00399,negative,-0.27,0.084861641
271.00471,negative,-1.59,0.00021504
271.22785,negative,-0.05,0.600404048
272.12522,negative,-0.71,0.998274105
272.12521,negative,-0.05,0.552533018
272.16161,negative,-0.81,0.55899768
272.1616,negative,-0.14,0.792881405
273.00164,negative,0.55,0.006958373
273.03808,negative,0.05,0.819532345
273.07279,negative,-1.64,5.74E-05
273.07626,negative,-0.51,0.360965102
290.08815,negative,-1.07,0.000544888
274.10446,negative,0.3,0.004152614
274.10446,negative,0.03,0.999875626
274.1045,negative,-3.75,0.076275255
274.14084,negative,-0.91,0.002298015
275.01735,negative,-1.87,0.004771769
275.08851,negative,0.03,0.577452435
275.09972,negative,-1.02,0.000900937
275.09972,negative,-0.81,0.007242168
275.09973,negative,-0.36,0.077114192
275.10375,negative,-0.53,0.165404419
276.08372,negative,-0.55,0.000516094
279.0809,negative,1.34,0.005159746
279.10208,negative,-1.23,3.30E-05
279.23295,negative,1.13,0.334212692
565.04754,negative,-0.69,0.000220563
283.0684,negative,3.67,0.025349415
283.26422,negative,1.55,0.166858293
302.13576,negative,-1.62,0.106429068
284.16157,negative,-0.73,0.001570245
284.16161,negative,-0.89,0.000212169
285.12037,negative,-3.38,0.20760616
303.13101,negative,-0.64,0.000676203
286.17725,negative,-1.23,0.01663904
288.12012,negative,-0.86,0.000279726
288.1201,negative,-0.62,0.051560202
288.12012,negative,-1.57,0.000627532
289.03301,negative,-1.77,0.003648708
579.02681,negative,-1.75,6.60E-05
333.09152,negative,-0.81,0.145089138
289.11539,negative,-0.04,0.993377048
290.09938,negative,0.83,0.054018096
588.07495,negative,-1.17,1.29E-05
294.99342,negative,0.17,0.251304636
295.04279,negative,-0.3,0.786676305
295.09357,negative,-0.81,0.282411848
298.02836,negative,-5.74,1.99E-07
316.15131,negative,1.14,0.59761962
300.04899,negative,-0.72,0.000391066
301.15178,negative,-0.21,0.241001522
302.09938,negative,0.66,0.001147901
302.13576,negative,-0.92,5.53E-05
302.13574,negative,-1.53,0.0001391
606.07411,negative,-1.31,1.54E-05
303.08342,negative,-0.51,0.083897367
303.09463,negative,-0.66,0.452755226
304.03401,negative,-0.47,0.139681717
304.13368,negative,0.27,0.0062237
304.15144,negative,-1.79,7.50E-06
304.15143,negative,-0.82,8.92E-05
305.01805,negative,-1.01,0.210146922
305.01807,negative,-0.13,0.399709785
305.09658,negative,-1.44,0.033413776
307.03374,negative,-0.48,0.005012551
307.11217,negative,-4.86,0.009788369
308.09872,negative,-1.45,1.96E-05
308.12525,negative,-0.66,0.001924954
309.03974,negative,0.38,0.027565097
309.10926,negative,0.36,0.06435661
310.14085,negative,-0.29,0.452279447
313.04425,negative,0.09,0.970970653
313.15178,negative,0.07,0.741363258
357.10917,negative,-0.35,0.141578358
314.11471,negative,-0.12,0.981993488
314.13575,negative,-1.49,0.14380215
314.13579,negative,0.42,0.171035949
315.08106,negative,0.89,0.000196831
315.13102,negative,2.14,0.49064582
315.29052,negative,-1.77,2.66E-05
316.07869,negative,-0.12,0.730383802
316.11506,negative,-0.28,0.237848847
317.1103,negative,-0.6,0.000424558
317.12557,negative,1.69,0.004680827
318.14936,negative,0.4,0.09913768
318.16713,negative,1.04,0.999724036
319.10822,negative,-0.36,0.93803011
320.09207,negative,-1.62,4.85E-06
320.14637,negative,-4.71,2.92E-06
320.16171,negative,0.1,0.620417466
321.04938,negative,-0.21,0.488674297
321.10923,negative,-0.15,0.48965662
323.02862,negative,-0.85,0.001547081
326.27013,negative,1.07,0.128070046
329.08692,negative,0.85,0.002177784
329.17594,negative,-2.31,0.76306095
330.2035,negative,-0.34,0.126945219
331.12598,negative,-1.54,0.052964778
664.11742,negative,-0.91,0.018265092
350.13562,negative,-0.02,0.483487765
332.18279,negative,0.16,0.251972333
333.05926,negative,-1.06,4.83E-05
333.09154,negative,-1.3,0.003115545
333.10521,negative,-0.89,0.023658938
334.10787,negative,-0.28,0.031915979
334.12563,negative,-0.88,0.000420668
334.17729,negative,0.45,0.247269982
338.98866,negative,-1.11,7.79E-05
339.32673,negative,1.41,0.161080294
341.10885,negative,-3.47,1.01E-05
341.30611,negative,-0.9,0.004554008
343.3217,negative,-1.41,0.000305276
345.14148,negative,-0.87,3.81E-05
345.14145,negative,-0.34,0.000441182
345.14154,negative,-0.68,0.003878955
345.14146,negative,-0.28,0.021654935
346.05571,negative,-1.39,1.28E-05
346.07134,negative,0.1,0.95733655
347.10298,negative,-0.95,0.017265797
347.12075,negative,-0.38,0.846366966
348.087,negative,-1.2,0.000938249
349.12027,negative,-0.04,0.160898868
350.06214,negative,-1.67,1.26E-05
352.11495,negative,-0.85,7.85E-05
355.09315,negative,-0.18,0.389058433
355.12589,negative,-0.13,0.538975844
356.09212,negative,1.27,0.424518152
358.12541,negative,0.28,0.233909067
359.12484,negative,-0.29,0.38482784
360.17753,negative,0.75,0.227990719
361.00708,negative,-1.2,0.097015758
361.13644,negative,-0.16,0.325095814
362.05066,negative,-1.35,0.000941734
364.08196,negative,2.57,0.006157527
365.11522,negative,1.92,8.81E-06
365.34236,negative,0.84,0.011813136
367.35807,negative,0.87,0.753637522
370.14019,negative,-1.37,0.139550116
371.15717,negative,-1.29,0.000240972
371.15719,negative,-0.26,0.002189276
371.19353,negative,-0.59,0.005444161
372.21393,negative,0.69,0.742593069
373.17277,negative,-0.94,0.111746607
374.15682,negative,-0.39,0.170586761
375.11567,negative,-0.75,0.001656224
375.13114,negative,-0.1,0.056010654
375.15204,negative,-0.86,3.27E-05
376.11828,negative,0.35,0.592055002
378.09759,negative,-0.1,0.271568219
378.13401,negative,-0.95,4.33E-05
378.1306,negative,-0.62,0.475155438
760.51335,negative,-0.12,0.643002379
380.01525,negative,-3.39,2.20E-05
381.18913,negative,0.31,0.884767007
382.17315,negative,0.44,0.784698707
766.1079,negative,-1.2,0.003192
383.35292,negative,-0.63,0.451817367
774.52898,negative,-0.02,0.978717144
389.16774,negative,-0.61,0.930268592
389.16784,negative,-0.32,0.049269231
784.1499,negative,-1.11,0.0003438
392.11325,negative,-0.27,0.601096594
786.52895,negative,0.52,0.196092026
399.14421,negative,-2.21,7.28E-06
401.05067,negative,-2.79,5.73E-07
417.19915,negative,-0.2,0.246939896
401.21526,negative,-0.87,0.000487642
401.24047,negative,0.62,0.066243748
402.01086,negative,-0.75,0.002594529
402.99482,negative,-1.05,0.000392552
403.1835,negative,-0.24,0.141198071
403.18337,negative,1.52,3.56E-05
403.19458,negative,-0.27,0.003259918
808.11823,negative,-0.79,0.001821828
417.19904,negative,-0.05,0.479402741
836.14989,negative,-0.7,0.006668008
419.2146,negative,-0.14,0.223940895
426.02206,negative,-1.11,0.000785849
429.23543,negative,-0.18,0.308789281
431.18946,negative,-0.28,0.008945452
431.19357,negative,-0.01,0.795074049
435.17321,negative,-0.77,0.000962615
436.28337,negative,0.09,0.947207223
437.26732,negative,1.82,2.12E-06
440.13236,negative,-1.11,0.027069725
442.01703,negative,-1.1,3.77E-05
445.05305,negative,1.73,1.20E-05
445.15748,negative,-2,0.000108222
445.36875,negative,1.54,0.000743525
448.30684,negative,-0.73,0.26760904
451.34299,negative,0.03,0.436955658
460.32803,negative,0.48,0.145127608
463.28305,negative,1.81,2.46E-06
480.30959,negative,0.73,1.21E-05
465.30435,negative,0.46,0.02433475
465.29849,negative,1.08,2.26E-06
478.29396,negative,0.76,0.000151852
480.98195,negative,-1.14,0.000463661
481.16399,negative,1.16,9.69E-05
481.97723,negative,-0.5,0.003579543
482.96114,negative,-0.86,0.002859797
492.30954,negative,1.36,2.23E-06
498.26282,negative,0.75,0.002687076
498.28944,negative,-0.97,0.011438215
500.27836,negative,0.63,0.006997965
505.98827,negative,-0.79,0.000279384
506.32524,negative,0.72,0.013816514
508.47356,negative,0.78,0.005063444
514.28451,negative,-1.7,0.014459067
521.98338,negative,-0.93,0.00081538
522.28376,negative,0.23,0.801975695
524.29944,negative,-0.56,0.000592747
528.30983,negative,0.53,0.024282262
535.03714,negative,-1.94,5.86E-06
544.18835,negative,-2.49,2.84E-06
551.34669,negative,-1.11,0.000369555
558.06425,negative,-0.77,0.000225197
577.37464,negative,0.28,0.179688354
586.05929,negative,-1.34,0.099844735
597.30457,negative,-0.6,0.004160797
599.3203,negative,-0.3,0.024671474
604.06993,negative,-0.21,0.234610334
604.43481,negative,0.5,0.196023368
619.28887,negative,-0.76,0.002837127
631.43484,negative,0.02,0.425599344
632.20438,negative,-1.21,3.22E-05
632.46648,negative,0.09,0.569835298
659.46605,negative,0.18,0.109365403
665.21451,negative,-4.13,2.31E-05
671.46564,negative,-0.21,0.455590362
672.49735,negative,-0.52,0.059366991
673.0914,negative,-1.68,4.71E-05
673.23072,negative,-0.75,0.025970163
685.48151,negative,0.49,7.17E-05
693.47101,negative,1.63,0.000740999
695.46536,negative,0.82,0.002149993
700.52892,negative,-0.7,0.191500253
702.50809,negative,0.07,0.958105705
712.4927,negative,0.66,7.99E-05
719.48665,negative,1.05,5.02E-05
721.48154,negative,1.23,5.78E-06
784.51346,negative,0.99,0.00250076
745.50249,negative,1.16,0.000394958
747.51819,negative,0.53,0.009888217
753.23898,negative,0.1,0.829604919
771.51843,negative,1.08,4.97E-05
773.53394,negative,0.84,0.003514964
793.50263,negative,0.19,0.098238059
788.5238,negative,1.15,1.41E-05
791.48677,negative,1.43,2.13E-05
850.56042,negative,1.21,0.000111441
807.50264,negative,0.65,0.121498064
810.52918,negative,0.78,0.012932933
815.48656,negative,1.6,0.001557306
817.50254,negative,0.98,0.000315427
819.51818,negative,0.59,0.005348914
827.2672,negative,-3.5,1.56E-05
832.60788,negative,-0.91,0.000101399
838.56124,negative,-0.1,0.99593957
843.51834,negative,1.01,0.000239397
857.51835,negative,0.33,0.747914982
861.54989,negative,0.37,0.891768791
865.50235,negative,0.66,0.003423705
885.54955,negative,-0.11,0.389553155
878.59174,negative,1.28,0.004242368
883.53398,negative,1.03,0.036680012
