Query.Mass,Matched.Compound,Matched.Form,Mass.Diff
291.12996,C03406,M+H [1+],8.40E-05
90.05495,C00099,M+H [1+],2.60E-05
90.05495,C00041,M+H [1+],2.60E-05
90.05495,C00213,M+H [1+],2.60E-05
219.07641,C02700,M-H2O+H [1+],3.35E-05
278.09829,C16612,M-H2O+H [1+],0.000713533
148.06045,C00025,M+H [1+],2.60E-05
148.06045,C05938,M+H [1+],2.60E-05
148.06045,C00217,M+H [1+],2.60E-05
162.0761,C00956,M+H [1+],2.40E-05
162.0761,C00329,M-H2O+H [1+],2.35E-05
146.09246,C01035,M+H [1+],8.40E-05
560.07915,C00301,M+H [1+],0.000174
110.02702,C00519,M+H [1+],5.60E-05
178.08625,C16586,M-H2O+H [1+],7.35E-05
212.04312,C02305,M+H [1+],4.40E-05
255.09758,C16584,M+H [1+],4.00E-06
255.09758,C16582,M+H [1+],4.00E-06
117.06586,C16622,M+H [1+],1.60E-05
104.07061,C01205,M+H [1+],3.40E-05
104.07061,C00334,M+H [1+],3.40E-05
104.07061,C01026,M+H [1+],3.40E-05
104.07061,C02356,M+H [1+],3.40E-05
104.07061,C03284,M+H [1+],3.40E-05
399.14455,C00019,M+H [1+],7.40E-05
216.06314,C01233,M+H [1+],3.60E-05
132.07675,C00300,M+H [1+],2.60E-05
538.08359,C00789,M+H [1+],0.000214
175.07131,C00439,M+H [1+],6.60E-05
116.07059,C00148,M+H [1+],1.40E-05
116.07059,C00763,M+H [1+],1.40E-05
298.09686,C00170,M+H [1+],1.60E-05
305.09799,C12270,M+H [1+],1.40E-05
76.03932,C00037,M+H [1+],4.40E-05
184.0968,C05589,M+H [1+],2.40E-05
184.0968,C00788,M+H [1+],2.40E-05
400.34212,C02990,M+H [1+],5.60E-05
90.05493,C00099,M+H [1+],4.60E-05
90.05493,C00041,M+H [1+],4.60E-05
90.05493,C00213,M+H [1+],4.60E-05
131.11789,C02714,M+H [1+],1.40E-05
128.07061,C00450,M+H [1+],3.40E-05
128.07061,C04076,M-H2O+H [1+],3.35E-05
128.07061,C02946,M-H2O+H [1+],3.35E-05
613.15941,C00127,M+H [1+],0.000134
458.18172,C16577,M-H2O+H [1+],0.000843533
852.18035,C02939,M+H [1+],0.000374
852.18035,C15980,M+H [1+],0.000374
189.15974,C03793,M+H [1+],3.60E-05
253.08196,C05648,M+H [1+],8.40E-05
489.11474,C00307,M+H [1+],0.000164
613.15942,C00127,M+H [1+],0.000144
282.27915,C00319,M-H2O+H [1+],7.35E-05
282.27915,C02934,M-H2O+H [1+],7.35E-05
508.00307,C00002,M+H [1+],9.40E-05
508.00307,C00286,M+H [1+],9.40E-05
192.06552,C05635,M+H [1+],4.40E-05
192.06552,C16596,M+H [1+],4.40E-05
192.06552,C16591,M-H2O+H [1+],4.35E-05
369.35159,C01189,M-H2O+H [1+],1.35E-05
369.35159,C03845,M-H2O+H [1+],1.35E-05
369.35159,C00187,M-H2O+H [1+],1.35E-05
182.08114,C00082,M+H [1+],3.60E-05
268.104,C00212,M+H [1+],7.60E-05
268.104,C00330,M+H [1+],7.60E-05
168.06551,C00250,M+H [1+],3.40E-05
227.1139,C00386,M+H [1+],2.40E-05
120.06552,C00188,M+H [1+],4.40E-05
259.02136,C01236,M+H [1+],1.60E-05
259.02136,C00345,M-H2O+H [1+],8.35E-05
146.08119,C04076,M+H [1+],1.40E-05
146.08119,C02946,M+H [1+],1.40E-05
147.07642,C00064,M+H [1+],4.40E-05
147.07642,C21029,M+H [1+],4.40E-05
147.07642,C00819,M+H [1+],4.40E-05
174.08735,C03771,M+H [1+],7.40E-05
251.0696,C00669,M+H [1+],2.40E-05
175.1077,C00437,M+H [1+],2.40E-05
132.06552,C00430,M+H [1+],4.40E-05
132.06552,C01157,M+H [1+],4.40E-05
132.06552,C01165,M+H [1+],4.40E-05
132.06552,C05147,M+H [1+],4.40E-05
132.06552,C03440,M+H [1+],4.40E-05
132.06552,C01110,M+H [1+],4.40E-05
302.3054,C00836,M+H [1+],2.40E-05
251.06965,C00669,M+H [1+],7.40E-05
175.11894,C00062,M+H [1+],3.60E-05
175.11894,C00792,M+H [1+],3.60E-05
194.04478,C01693,M+H [1+],4.00E-06
194.04478,C04185,M+H [1+],4.00E-06
132.10191,C00407,M+H [1+],3.40E-05
132.10191,C00123,M+H [1+],3.40E-05
170.0924,C01152,M+H [1+],2.40E-05
359.13504,C00255,M-H2O+H [1+],6.35E-05
128.0706,C00450,M+H [1+],2.40E-05
128.0706,C04076,M-H2O+H [1+],2.35E-05
128.0706,C02946,M-H2O+H [1+],2.35E-05
343.12352,C00089,M+H [1+],4.40E-05
343.12352,C05402,M+H [1+],4.40E-05
343.12352,C05400,M+H [1+],4.40E-05
343.12352,C01235,M+H [1+],4.40E-05
343.12352,C00243,M+H [1+],4.40E-05
343.12352,C00185,M+H [1+],4.40E-05
343.12352,C01083,M+H [1+],4.40E-05
343.12352,C00208,M+H [1+],4.40E-05
343.12352,C00252,M+H [1+],4.40E-05
266.0884,C00387,M-H2O+H [1+],2.35E-05
401.34161,C01561,M+H [1+],0.000234
401.34161,C05455,M+H [1+],0.000234
401.34161,C05453,M-H2O+H [1+],0.000233533
401.34161,C06341,M-H2O+H [1+],0.000233533
401.34161,C15520,M-H2O+H [1+],0.000233533
401.34161,C05445,M-H2O+H [1+],0.000233533
401.34161,C15518,M-H2O+H [1+],0.000233533
401.34161,C05499,M-H2O+H [1+],0.000233533
401.34161,C05501,M-H2O+H [1+],0.000233533
114.06617,C00300,M-H2O+H [1+],6.47E-06
209.09208,C00328,M+H [1+],4.00E-06
209.09208,C05647,M+H [1+],4.00E-06
209.09208,C00931,M-H2O+H [1+],3.53E-06
123.05529,C00153,M+H [1+],1.40E-05
123.05529,C05828,M-H2O+H [1+],1.35E-05
170.08117,C00547,M+H [1+],6.00E-06
170.08117,C00314,M+H [1+],6.00E-06
196.09682,C16586,M+H [1+],4.40E-05
180.10189,C05588,M-H2O+H [1+],1.35E-05
86.06002,C01205,M-H2O+H [1+],4.35E-05
86.06002,C00334,M-H2O+H [1+],4.35E-05
86.06002,C01026,M-H2O+H [1+],4.35E-05
86.06002,C02356,M-H2O+H [1+],4.35E-05
86.06002,C03284,M-H2O+H [1+],4.35E-05
176.07061,C05634,M+H [1+],3.40E-05
176.07061,C00954,M+H [1+],3.40E-05
176.07061,C16595,M-H2O+H [1+],3.35E-05
176.07061,C16587,M-H2O+H [1+],3.35E-05
166.04983,C05653,M+H [1+],4.60E-05
166.04983,C00847,M-H2O+H [1+],4.65E-05
375.13114,C00255,M-H [1-],0.000116
289.11539,C03406,M-H [1-],6.60E-05
303.08342,C12270,M-H [1-],4.00E-06
288.12012,C21016,M-H [1-],4.00E-06
146.04588,C00025,M-H [1-],4.40E-05
146.04588,C05938,M-H [1-],4.40E-05
146.04588,C00217,M-H [1-],4.40E-05
288.1201,C21016,M-H [1-],2.40E-05
160.06152,C00956,M-H [1-],4.00E-06
231.09864,C21015,M-H [1-],1.60E-05
160.06153,C00956,M-H [1-],6.00E-06
130.05098,C00430,M-H [1-],5.60E-05
130.05098,C01157,M-H [1-],5.60E-05
130.05098,C01165,M-H [1-],5.60E-05
130.05098,C05147,M-H [1-],5.60E-05
130.05098,C03440,M-H [1-],5.60E-05
130.05098,C01110,M-H [1-],5.60E-05
130.05097,C00430,M-H [1-],4.60E-05
130.05097,C01157,M-H [1-],4.60E-05
130.05097,C01165,M-H [1-],4.60E-05
130.05097,C05147,M-H [1-],4.60E-05
130.05097,C03440,M-H [1-],4.60E-05
130.05097,C01110,M-H [1-],4.60E-05
145.01429,C00026,M-H [1-],6.60E-05
258.03842,C00352,M-H [1-],4.00E-06
300.04899,C00357,M-H [1-],3.40E-05
300.04899,C04501,M-H [1-],3.40E-05
300.04899,C18060,M-H [1-],3.40E-05
300.04899,C04257,M-H [1-],3.40E-05
338.98866,C00354,M-H [1-],0.000164
338.98866,C00665,M-H [1-],0.000164
338.98866,C03785,M-H [1-],0.000164
338.98866,C01231,M-H [1-],0.000164
338.98866,C01220,M-H [1-],0.000164
338.98866,C04063,M-H [1-],0.000164
338.98866,C04062,M-H [1-],0.000164
259.02242,C00085,M-H [1-],4.00E-06
259.02242,C00668,M-H [1-],4.00E-06
259.02242,C00103,M-H [1-],4.00E-06
259.02242,C01172,M-H [1-],4.00E-06
259.02242,C00275,M-H [1-],4.00E-06
259.02242,C00636,M-H [1-],4.00E-06
259.02242,C01094,M-H [1-],4.00E-06
259.02242,C01097,M-H [1-],4.00E-06
259.02242,C00446,M-H [1-],4.00E-06
259.02242,C00092,M-H [1-],4.00E-06
259.02242,C03546,M-H [1-],4.00E-06
259.02242,C04006,M-H [1-],4.00E-06
259.02242,C01177,M-H [1-],4.00E-06
302.05177,C20775,M-H2O-H [1-],0.00056
241.01188,C00085,M-H2O-H [1-],0.00057
241.01188,C00668,M-H2O-H [1-],0.00057
241.01188,C00103,M-H2O-H [1-],0.00057
241.01188,C01172,M-H2O-H [1-],0.00057
241.01188,C00275,M-H2O-H [1-],0.00057
241.01188,C00636,M-H2O-H [1-],0.00057
241.01188,C01094,M-H2O-H [1-],0.00057
241.01188,C01097,M-H2O-H [1-],0.00057
241.01188,C00446,M-H2O-H [1-],0.00057
241.01188,C00092,M-H2O-H [1-],0.00057
241.01188,C03546,M-H2O-H [1-],0.00057
241.01188,C04006,M-H2O-H [1-],0.00057
241.01188,C01177,M-H2O-H [1-],0.00057
606.07411,C00043,M-H [1-],0.000214
606.07411,C00203,M-H [1-],0.000214
308.09872,C00270,M-H [1-],4.00E-06
168.98122,C11537,M-H [1-],4.00E-06
171.0064,C00093,M-H [1-],2.40E-05
505.98827,C00002,M-H [1-],0.000154
505.98827,C00286,M-H [1-],0.000154
333.05926,C19562,M-H2O-H [1-],0.00075
124.00741,C00245,M-H [1-],1.40E-05
195.05101,C00257,M-H [1-],1.40E-05
195.05101,C00800,M-H [1-],1.40E-05
253.09289,C05401,M-H [1-],3.40E-05
346.05571,C00020,M-H [1-],0.000114
346.05571,C00362,M-H [1-],0.000114
195.05102,C00257,M-H [1-],4.00E-06
195.05102,C00800,M-H [1-],4.00E-06
442.01703,C00035,M-H [1-],6.00E-06
179.0561,C00221,M-H [1-],2.40E-05
179.0561,C00267,M-H [1-],2.40E-05
179.0561,C00095,M-H [1-],2.40E-05
179.0561,C00159,M-H [1-],2.40E-05
179.0561,C01720,M-H [1-],2.40E-05
179.0561,C00124,M-H [1-],2.40E-05
179.0561,C00984,M-H [1-],2.40E-05
179.0561,C00031,M-H [1-],2.40E-05
179.0561,C00137,M-H [1-],2.40E-05
604.06993,C00096,M-H [1-],6.00E-06
173.00915,C00417,M-H [1-],2.60E-05
341.10885,C00089,M-H [1-],7.40E-05
341.10885,C05402,M-H [1-],7.40E-05
341.10885,C05400,M-H [1-],7.40E-05
341.10885,C01235,M-H [1-],7.40E-05
341.10885,C00243,M-H [1-],7.40E-05
341.10885,C00185,M-H [1-],7.40E-05
341.10885,C01083,M-H [1-],7.40E-05
341.10885,C00208,M-H [1-],7.40E-05
341.10885,C00252,M-H [1-],7.40E-05
521.98338,C00044,M-H [1-],4.40E-05
521.98338,C05922,M-H2O-H [1-],0.00057
521.98338,C21310,M-H [1-],4.40E-05
481.97723,C00063,M-H [1-],6.00E-06
147.02987,C02266,M-H [1-],5.40E-05
147.02987,C02630,M-H [1-],5.40E-05
480.98195,C00459,M-H [1-],7.40E-05
808.11823,C00024,M-H [1-],0.000294
558.06425,C00301,M-H [1-],0.000174
445.05305,C00570,M-H [1-],7.40E-05
191.01972,C00311,M-H [1-],4.00E-06
191.01972,C00158,M-H [1-],4.00E-06
191.01972,C00818,M-H2O-H [1-],0.00051
535.03714,C00190,M-H [1-],8.40E-05
665.21451,C01613,M-H [1-],0.000114
306.07649,C00051,M-H [1-],3.40E-05
253.04997,C05844,M-H [1-],5.40E-05
482.96114,C00075,M-H [1-],8.40E-05
307.03374,C00365,M-H [1-],1.60E-05
579.02681,C00167,M-H [1-],0.000214
132.03023,C00049,M-H [1-],6.00E-06
132.03023,C00402,M-H [1-],6.00E-06
218.1034,C00864,M-H [1-],2.40E-05
133.05064,C01801,M-H [1-],1.60E-05
565.04754,C00029,M-H [1-],0.000184
565.04754,C00052,M-H [1-],0.000184
290.08815,C00270,M-H2O-H [1-],0.00054
378.09756,C03451,M-H [1-],6.40E-05
133.01426,C00149,M-H [1-],3.60E-05
588.07495,C00325,M-H [1-],2.60E-05
171.00641,C00093,M-H [1-],1.40E-05
168.99075,C00118,M-H [1-],2.60E-05
168.99075,C00111,M-H [1-],2.60E-05
321.04938,C00364,M-H [1-],5.60E-05
289.03301,C05382,M-H [1-],1.40E-05
89.02442,C00186,M-H [1-],4.00E-06
89.02442,C00577,M-H [1-],4.00E-06
89.02442,C01013,M-H [1-],4.00E-06
89.02442,C00184,M-H [1-],4.00E-06
89.02442,C00256,M-H [1-],4.00E-06
402.99482,C00015,M-H [1-],0.000104
243.0809,C00120,M-H [1-],2.40E-05
259.02243,C00085,M-H [1-],6.00E-06
259.02243,C00668,M-H [1-],6.00E-06
259.02243,C00103,M-H [1-],6.00E-06
259.02243,C01172,M-H [1-],6.00E-06
259.02243,C00275,M-H [1-],6.00E-06
259.02243,C00636,M-H [1-],6.00E-06
259.02243,C01094,M-H [1-],6.00E-06
259.02243,C01097,M-H [1-],6.00E-06
259.02243,C00446,M-H [1-],6.00E-06
259.02243,C00092,M-H [1-],6.00E-06
259.02243,C03546,M-H [1-],6.00E-06
259.02243,C04006,M-H [1-],6.00E-06
259.02243,C01177,M-H [1-],6.00E-06
229.01187,C00117,M-H [1-],5.40E-05
229.01187,C00620,M-H [1-],5.40E-05
229.01187,C00199,M-H [1-],5.40E-05
229.01187,C00231,M-H [1-],5.40E-05
161.04555,C03827,M-H [1-],2.60E-05
128.03531,C04281,M-H [1-],1.40E-05
128.03531,C02237,M-H [1-],1.40E-05
128.03531,C04282,M-H [1-],1.40E-05
128.03531,C01879,M-H [1-],1.40E-05
378.09759,C03451,M-H [1-],3.40E-05
243.02751,C02985,M-H [1-],1.40E-05
188.05644,C00624,M-H [1-],1.60E-05
181.05064,C05583,M-H [1-],1.60E-05
181.05064,C05582,M-H [1-],1.60E-05
184.98566,C00631,M-H [1-],3.60E-05
184.98566,C00197,M-H [1-],3.60E-05
129.05574,C00671,M-H [1-],1.60E-05
129.05574,C00233,M-H [1-],1.60E-05
152.00231,C00606,M-H [1-],1.40E-05
402.01086,C00112,M-H [1-],6.40E-05
227.20165,C06424,M-H [1-],2.60E-05
766.1079,C00010,M-H [1-],2.40E-05
426.02206,C00008,M-H [1-],6.40E-05
426.02206,C00361,M-H [1-],6.40E-05
426.02206,C00054,M-H [1-],6.40E-05
465.30435,C18043,M-H [1-],7.40E-05
348.087,C14871,M-H [1-],0.000124
313.04425,C04376,M-H [1-],2.60E-05
275.01735,C00345,M-H [1-],2.60E-05
362.05066,C00144,M-H [1-],6.40E-05
362.05066,C18239,M-H [1-],6.40E-05
192.06662,C16595,M-H [1-],4.00E-06
192.06662,C16587,M-H [1-],4.00E-06
211.00131,C00117,M-H2O-H [1-],0.0005
211.00131,C00620,M-H2O-H [1-],0.0005
211.00131,C00199,M-H2O-H [1-],0.0005
211.00131,C00231,M-H2O-H [1-],0.0005
151.02616,C00385,M-H [1-],3.60E-05
460.32803,C01747,M-H [1-],6.00E-06
460.32803,C03108,M-H [1-],6.00E-06
131.04623,C02642,M-H [1-],6.00E-06
131.04623,C00152,M-H [1-],6.00E-06
836.14989,C00136,M-H [1-],6.60E-05
836.14989,C00630,M-H [1-],6.60E-05
87.00877,C00022,M-H [1-],4.60E-05
87.00877,C00222,M-H [1-],4.60E-05
309.03974,C19586,M-H2O-H [1-],0.00017
309.03974,C16756,M-H2O-H [1-],0.00017
309.03974,C19595,M-H2O-H [1-],0.00017
309.03974,C19585,M-H2O-H [1-],0.00017
104.03532,C00065,M-H [1-],4.00E-06
104.03532,C00740,M-H [1-],4.00E-06
323.02862,C00105,M-H [1-],4.00E-06
235.03943,C05844,M-H2O-H [1-],0.00052
191.01973,C00311,M-H [1-],6.00E-06
191.01973,C00158,M-H [1-],6.00E-06
191.01973,C00818,M-H2O-H [1-],0.00052
305.01807,C00105,M-H2O-H [1-],0.00056
304.03401,C00055,M-H2O-H [1-],0.0005
440.13236,C00504,M-H [1-],6.40E-05
283.0684,C01762,M-H [1-],2.40E-05
184.98565,C00631,M-H [1-],2.60E-05
184.98565,C00197,M-H [1-],2.60E-05
784.1499,C00016,M-H [1-],7.60E-05
157.03669,C02350,M-H [1-],3.40E-05
514.28451,C05122,M-H [1-],8.60E-05
166.97508,C00074,M-H [1-],4.40E-05
204.06663,C05660,M-H [1-],6.00E-06
586.05929,C01222,M-H [1-],3.40E-05
586.05929,C00096,M-H2O-H [1-],0.00048
219.07751,C00643,M-H [1-],1.40E-05
219.07751,D00536,M-H2O-H [1-],0.0005
219.07751,C07501,M-H2O-H [1-],0.0005
498.28944,C05465,M-H [1-],8.40E-05
111.02001,C00106,M-H [1-],1.40E-05
279.23295,C01595,M-H [1-],2.60E-05
154.06221,C00135,M-H [1-],1.40E-05
283.26422,C01530,M-H [1-],4.00E-06
164.07169,C00079,M-H [1-],3.40E-05
255.23295,C00249,M-H [1-],2.60E-05
175.03603,C00438,M-H [1-],6.00E-06
281.2486,C00712,M-H [1-],2.40E-05
179.05612,C00221,M-H [1-],4.00E-06
179.05612,C00267,M-H [1-],4.00E-06
179.05612,C00095,M-H [1-],4.00E-06
179.05612,C00159,M-H [1-],4.00E-06
179.05612,C01720,M-H [1-],4.00E-06
179.05612,C00124,M-H [1-],4.00E-06
179.05612,C00984,M-H [1-],4.00E-06
179.05612,C00031,M-H [1-],4.00E-06
179.05612,C00137,M-H [1-],4.00E-06
305.01805,C00105,M-H2O-H [1-],0.00054
295.09357,C00921,M-H2O-H [1-],0.00074
199.17035,C02679,M-H [1-],2.60E-05
448.30684,C05466,M-H [1-],1.60E-05
174.04079,C01042,M-H [1-],3.40E-05
,C03406,1,
,C00099,2,
,C00041,3,
,C00213,4,
,C02700,5,
,C16612,6,
,C00025,7,
,C05938,8,
,C00217,9,
,C00956,10,
,C00329,11,
,C01035,12,
,C00301,13,
,C00519,14,
,C16586,15,
,C02305,16,
,C16584,17,
,C16582,18,
,C16622,19,
,C01205,20,
,C00334,21,
,C01026,22,
,C02356,23,
,C03284,24,
,C00019,25,
,C01233,26,
,C00300,27,
,C00789,28,
,C00439,29,
,C00148,30,
,C00763,31,
,C00170,32,
,C12270,33,
,C00037,34,
,C05589,35,
,C00788,36,
,C02990,37,
,C02714,38,
,C00450,39,
,C04076,40,
,C02946,41,
,C00127,42,
,C16577,43,
,C02939,44,
,C15980,45,
,C03793,46,
,C05648,47,
,C00307,48,
,C00319,49,
,C02934,50,
,C00002,51,
,C00286,52,
,C05635,53,
,C16596,54,
,C16591,55,
,C01189,56,
,C03845,57,
,C00187,58,
,C00082,59,
,C00212,60,
,C00330,61,
,C00250,62,
,C00386,63,
,C00188,64,
,C01236,65,
,C00345,66,
,C00064,67,
,C21029,68,
,C00819,69,
,C03771,70,
,C00669,71,
,C00437,72,
,C00430,73,
,C01157,74,
,C01165,75,
,C05147,76,
,C03440,77,
,C01110,78,
,C00836,79,
,C00062,80,
,C00792,81,
,C01693,82,
,C04185,83,
,C00407,84,
,C00123,85,
,C01152,86,
,C00255,87,
,C00089,88,
,C05402,89,
,C05400,90,
,C01235,91,
,C00243,92,
,C00185,93,
,C01083,94,
,C00208,95,
,C00252,96,
,C00387,97,
,C01561,98,
,C05455,99,
,C05453,100,
,C06341,101,
,C15520,102,
,C05445,103,
,C15518,104,
,C05499,105,
,C05501,106,
,C00328,107,
,C05647,108,
,C00931,109,
,C00153,110,
,C05828,111,
,C00547,112,
,C00314,113,
,C05588,114,
,C05634,115,
,C00954,116,
,C16595,117,
,C16587,118,
,C05653,119,
,C00847,120,
,C21016,121,
,C21015,122,
,C00026,123,
,C00352,124,
,C00357,125,
,C04501,126,
,C18060,127,
,C04257,128,
,C00354,129,
,C00665,130,
,C03785,131,
,C01231,132,
,C01220,133,
,C04063,134,
,C04062,135,
,C00085,136,
,C00668,137,
,C00103,138,
,C01172,139,
,C00275,140,
,C00636,141,
,C01094,142,
,C01097,143,
,C00446,144,
,C00092,145,
,C03546,146,
,C04006,147,
,C01177,148,
,C20775,149,
,C00043,150,
,C00203,151,
,C00270,152,
,C11537,153,
,C00093,154,
,C19562,155,
,C00245,156,
,C00257,157,
,C00800,158,
,C05401,159,
,C00020,160,
,C00362,161,
,C00035,162,
,C00221,163,
,C00267,164,
,C00095,165,
,C00159,166,
,C01720,167,
,C00124,168,
,C00984,169,
,C00031,170,
,C00137,171,
,C00096,172,
,C00417,173,
,C00044,174,
,C05922,175,
,C21310,176,
,C00063,177,
,C02266,178,
,C02630,179,
,C00459,180,
,C00024,181,
,C00570,182,
,C00311,183,
,C00158,184,
,C00818,185,
,C00190,186,
,C01613,187,
,C00051,188,
,C05844,189,
,C00075,190,
,C00365,191,
,C00167,192,
,C00049,193,
,C00402,194,
,C00864,195,
,C01801,196,
,C00029,197,
,C00052,198,
,C03451,199,
,C00149,200,
,C00325,201,
,C00118,202,
,C00111,203,
,C00364,204,
,C05382,205,
,C00186,206,
,C00577,207,
,C01013,208,
,C00184,209,
,C00256,210,
,C00015,211,
,C00120,212,
,C00117,213,
,C00620,214,
,C00199,215,
,C00231,216,
,C03827,217,
,C04281,218,
,C02237,219,
,C04282,220,
,C01879,221,
,C02985,222,
,C00624,223,
,C05583,224,
,C05582,225,
,C00631,226,
,C00197,227,
,C00671,228,
,C00233,229,
,C00606,230,
,C00112,231,
,C06424,232,
,C00010,233,
,C00008,234,
,C00361,235,
,C00054,236,
,C18043,237,
,C14871,238,
,C04376,239,
,C00144,240,
,C18239,241,
,C00385,242,
,C01747,243,
,C03108,244,
,C02642,245,
,C00152,246,
,C00136,247,
,C00630,248,
,C00022,249,
,C00222,250,
,C19586,251,
,C16756,252,
,C19595,253,
,C19585,254,
,C00065,255,
,C00740,256,
,C00105,257,
,C00055,258,
,C00504,259,
,C01762,260,
,C00016,261,
,C02350,262,
,C05122,263,
,C00074,264,
,C05660,265,
,C01222,266,
,C00643,267,
,D00536,268,
,C07501,269,
,C05465,270,
,C00106,271,
,C01595,272,
,C00135,273,
,C01530,274,
,C00079,275,
,C00249,276,
,C00438,277,
,C00712,278,
,C00921,279,
,C02679,280,
,C05466,281,
,C01042,282,
