"Query","Match","HMDB","PubChem","ChEBI","KEGG","METLIN","SMILES","Comment"
"Phosphoric acid","Phosphate","HMDB0001429","1004","26078","C00009","3231","OP(O)(O)=O","1"
"N-Acetylalanine","N-Acetyl-L-alanine","HMDB0000766","88064","40992",NA,"5733","C[C@H](NC(C)=O)C(O)=O","1"
"N-Acetyl-DL-glutamic acid","N-Acetyl-L-glutamic acid","HMDB0001138","70914","17533","C00624","6031","CC(=O)N[C@@H](CCC(O)=O)C(O)=O","1"
"DL-Stachydrine","NA","NA","NA","NA","NA","NA","NA","0"
"Acetylcholine","Acetylcholine","HMDB0000895","187","15355","C01996","57","CC(=O)OCC[N+](C)(C)C","1"
"L-Histidine","Histidine","HMDB0000177","6274","15971","C00135","21","N[C@@H](CC1=CN=CN1)C(O)=O","1"
"DELTA-VALEROBETAINE","NA","NA","NA","NA","NA","NA","NA","0"
"I-Inositol","myo-Inositol","HMDB0000211",NA,"17268","C00137","5221","O[C@H]1[C@H](O)[C@@H](O)[C@H](O)[C@H](O)[C@@H]1O","1"
"Gly-Gly-Gly","Glycylglycylglycine","HMDB0029419","11161","63961",NA,NA,"NC\C(O)=N\C\C(O)=N\CC(O)=O","1"
"Gly-Asp","Glycyl-Aspartate","HMDB0028837","273261",NA,NA,NA,"NCC(=O)NC(CC(O)=O)C(O)=O","1"
"Ser-Glu-Thr","Ser-Glu-Thr",NA,"145457745",NA,NA,NA,NA,"1"
"Glu-Thr-Gln","Glu-Thr-Gln",NA,"145455507",NA,NA,NA,NA,"1"
"daprodustat","Daprodustat","HMDB0250863","91617630",NA,NA,NA,"OC(=O)CNC(=O)C1C(=O)N(C2CCCCC2)C(=O)N(C2CCCCC2)C1=O","1"
"Lauric Acid","Dodecanoic acid","HMDB0000638","3893","30805","C02679","5611","CCCCCCCCCCCC(O)=O","1"
"Acetyl-L-carnitine","L-Acetylcarnitine","HMDB0000201","7045767","57589","C02571","5213","CC(=O)O[C@H](CC(O)=O)C[N+](C)(C)C","1"
"Valylproline","Valylproline","HMDB0029135","9837272","73701",NA,NA,"CC(C)[C@H](N)C(=O)N1CCC[C@H]1C(O)=O","1"
"Asp-Asp","Aspartyl-Aspartate","HMDB0028749","332965","174279",NA,NA,"NC(CC(O)=O)C(=O)NC(CC(O)=O)C(O)=O","1"
"L-Ergothioneine","Ergothioneine","HMDB0003045","5351619","4828","C05570","53","C[N+](C)(C)[C@@H](CC1=CNC(=S)N1)C([O-])=O","1"
"Boc-Asn","NA","NA","NA","NA","NA","NA","NA","0"
"mebutamate","NA","NA","NA","NA","NA","NA","NA","0"
"Leu-Val","Leucyl-Valine","HMDB0028942","352038",NA,NA,NA,"CC(C)CC(N)C(=O)NC(C(C)C)C(O)=O","1"
"1,4-Anhydro-2,5-dideoxy-2-(dimethylamino)-5-[(isopropylcarbamoyl)amino]-D-arabinitol","NA","NA","NA","NA","NA","NA","NA","0"
"asn-lys","Asparaginyl-Lysine","HMDB0028736","21451266","174429",NA,NA,"NCCCCC(NC(=O)C(N)CC(N)=O)C(O)=O","1"
"Lotaustralin","Lotaustralin","HMDB0033865","4626626",NA,"C08334",NA,"CCC(C)(OC1OC(CO)C(O)C(O)C1O)C#N","1"
"2-{N′-[(2R,3R,4S,5R)-3,4-dihydroxy-5-(hydroxymethyl)oxolan-2-yl]-N-methylcarbamimidamido}acetic acid","NA","NA","NA","NA","NA","NA","NA","0"
"His-Asn","Histidylasparagine","HMDB0028880","9900076",NA,NA,NA,"N[C@@H](CC1=CNC=N1)C(=O)N[C@@H](CC(N)=O)C(O)=O","1"
"Gly-Thr-Pro","Gly-Thr-Pro",NA,"145455697",NA,NA,NA,NA,"1"
"Pro-Ala-Ser","Pro-Ala-Ser",NA,"24997973",NA,NA,NA,NA,"1"
"Gln-Glu","Glutaminylglutamic acid","HMDB0028796","7020029","73847",NA,NA,"N[C@@H](CCC(N)=O)C(=O)N[C@@H](CCC(O)=O)C(O)=O","1"
"lys-gln","Lysylglutamine","HMDB0028949","196305","73600",NA,NA,"NCCCC[C@H](N)C(=O)N[C@@H](CCC(N)=O)C(O)=O","1"
"Leu-Gly-Asp","Leu-Gly-Asp",NA,"10193131",NA,NA,NA,NA,"1"
"Pro-Val-Ala","Pro-Val-Ala",NA,"71558343",NA,NA,NA,NA,"1"
"Ala-Val-Pro","Ala-Val-Pro",NA,"145453720",NA,NA,NA,NA,"1"
"Gly-Asn-Pro","Gly-Asn-Pro",NA,"145455584",NA,NA,NA,NA,"1"
"Val-Val-Ala","Val-Val-Ala",NA,"145459082",NA,NA,NA,NA,"1"
"Penicillin G","Penicillin G","HMDB0015186","5904","18208","C05551",NA,"[H][C@]12SC(C)(C)[C@@H](N1C(=O)[C@H]2NC(=O)CC1=CC=CC=C1)C(O)=O","1"
"Gln-Gly-Ser","Gln-Gly-Ser",NA,"145455074",NA,NA,NA,NA,"1"
"Gly-Gly-Arg","Gly-Gly-Arg",NA,"133469",NA,NA,NA,NA,"1"
"arg-asn","Arginylasparagine","HMDB0028704","53972225","157790",NA,NA,"N[C@@H](CCCNC(N)=N)C(=O)N[C@@H](CC(N)=O)C(O)=O","1"
"Thr-Gly-Asp","Thr-Gly-Asp",NA,"145458060",NA,NA,NA,NA,"1"
"Gly-Ile-Glu","Gly-Ile-Glu",NA,"145455640",NA,NA,NA,NA,"1"
"Pro-Ala-Asp","Pro-Ala-Asp",NA,"145457371",NA,NA,NA,NA,"1"
"Safingol","Sphinganine","HMDB0000269","91486","16566","C00836","5268","CCCCCCCCCCCCCCC[C@@H](O)[C@@H](N)CO","1"
"Glu-Arg","Glutamylarginine","HMDB0028813","9796450","157844",NA,NA,"N[C@@H](CCC(O)=O)C(=O)N[C@@H](CCCNC(N)=N)C(O)=O","1"
"Thr-Gly-Lys","Thr-Gly-Lys",NA,"145458067",NA,NA,NA,NA,"1"
"5,5-dimethyl-2-{[(2-phenylacetyl)amino]methyl}-1,3-thiazolane-4-carboxylic acid","NA","NA","NA","NA","NA","NA","NA","0"
"Pro-Pro-Pro","NA","NA","NA","NA","NA","NA","NA","0"
"Met-Val-Ala","Met-Val-Ala",NA,"145457107",NA,NA,NA,NA,"1"
"Gabexate","Gabexate","HMDB0252569","3447",NA,NA,NA,"CCOC(=O)C1=CC=C(OC(=O)CCCCCNC(N)=N)C=C1","1"
"Pro-Leu-Pro","Pro-Leu-Pro",NA,"145457510",NA,NA,NA,NA,"1"
"Val-Asp-Ile","Val-Asp-Ile",NA,"44256385",NA,NA,NA,NA,"1"
"Val-Val-Leu","Val-Val-Leu",NA,"44230570",NA,NA,NA,NA,"1"
"Gly-Phe-Glu","Gly-Phe-Glu",NA,"102576399",NA,NA,NA,NA,"1"
"Thr-Thr-Ile","Thr-Thr-Ile",NA,"102039235",NA,NA,NA,NA,"1"
"Ala-Val-Phe","Ala-Val-Phe",NA,"25256616",NA,NA,NA,NA,"1"
"Val-Leu-Ile","Val-Leu-Ile",NA,"145458968",NA,NA,NA,NA,"1"
"Pro-Glu-Thr","Pro-Glu-Thr",NA,"7048511",NA,NA,NA,NA,"1"
"Pro-Glu-Ile","Pro-Glu-Ile",NA,"138911110",NA,NA,NA,NA,"1"
"Pro-Glu-Asp","Pro-Glu-Asp",NA,"145457458",NA,NA,NA,NA,"1"
"Leucyl-leucyl-norleucine","NA","NA","NA","NA","NA","NA","NA","0"
"Asp-Ala-Arg","Asp-Ala-Arg",NA,"145454332",NA,NA,NA,NA,"1"
"Val-Asp-Lys","Val-Asp-Lys",NA,"145458870",NA,NA,NA,NA,"1"
"Thr-Glu-Leu","Thr-Glu-Leu",NA,"145458049",NA,NA,NA,NA,"1"
"Pro-Glu-Glu","Pro-Glu-Glu",NA,"145457460",NA,NA,NA,NA,"1"
"Leu-Glu-Leu","Leu-Glu-Leu",NA,"44298571",NA,NA,NA,NA,"1"
"Val-Glu-Gln","Val-Glu-Gln",NA,"145458915",NA,NA,NA,NA,"1"
"Ala-Glu-Arg","Ala-Glu-Arg",NA,"145453572",NA,NA,NA,NA,"1"
"Leu-Asp-Lys","Leu-Asp-Lys",NA,"73774936",NA,NA,NA,NA,"1"
"Glu-Val-Lys","Glu-Val-Lys",NA,"145455559",NA,NA,NA,NA,"1"
"Ile-Glu-Asp","Ile-Glu-Asp",NA,"145456128",NA,NA,NA,NA,"1"
"Gln-Arg-Ala","Gln-Arg-Ala",NA,"145454961",NA,NA,NA,NA,"1"
"Val-Glu-Lys","Val-Glu-Lys",NA,"145458919",NA,NA,NA,NA,"1"
"Testosterone isocaproate","NA","NA","NA","NA","NA","NA","NA","0"
"Asn-Glu-Lys","Asn-Glu-Lys",NA,"10309509",NA,NA,NA,NA,"1"
"Alanyl-N-(5-amino-1,5-dicarboxypentyl)glutamine","NA","NA","NA","NA","NA","NA","NA","0"
"Glu-Ser-Arg","Glu-Ser-Arg",NA,"25217721",NA,NA,NA,NA,"1"
"Glu-Arg-Pro","Glu-Arg-Pro",NA,"145455308",NA,NA,NA,NA,"1"
"Miltefosine","Miltefosine","HMDB0254735","3599","75283",NA,NA,"CCCCCCCCCCCCCCCCOP([O-])(=O)OCC[N+](C)(C)C","1"
"Arg-Glu-Ile","Arg-Glu-Ile",NA,"145453811",NA,NA,NA,NA,"1"
"1-Palmitoyl-sn-glycero-3-Phosphocholine","LysoPC(16:0/0:0)","HMDB0010382","460602","72998","C04230",NA,"CCCCCCCCCCCCCCCC(=O)OC[C@@H](O)COP([O-])(=O)OCC[N+](C)(C)C","1"
"Maltotriose","Maltotriose","HMDB0001262","439586","140999","C01835","3585","OC[C@H]1O[C@H](O[C@H]2[C@H](O)[C@@H](O)[C@@H](O[C@H]3[C@H](O)[C@@H](O)C(O)O[C@@H]3CO)O[C@@H]2CO)[C@H](O)[C@@H](O)[C@@H]1O","1"
"C-8 Ceramide-1-phosphate","NA","NA","NA","NA","NA","NA","NA","0"
"Adenosine diphosphate ribose","Adenosine diphosphate ribose","HMDB0001178","192","16960","C00301","6059","NC1=C2N=CN(C3OC(COP(O)(=O)OP(O)(=O)OCC4OC(O)C(O)C4O)C(O)C3O)C2=NC=N1","1"
"1,2-Dimyristoyl-sn-glycero-3-PC","NA","NA","NA","NA","NA","NA","NA","0"
