Query.Mass,Matched.Compound,Matched.Form,Mass.Diff
90.05495,C00213,M+H [1+],2.60000000054106e-05
90.05495,C00041,M+H [1+],2.60000000054106e-05
90.05495,C00099,M+H [1+],2.60000000054106e-05
90.05495,C00133,M+H [1+],2.60000000054106e-05
146.09246,C01035,M+H [1+],8.39999999868724e-05
219.09754,C03740,M+H [1+],7.57029999931547e-06
209.09208,C00328,M+H [1+],4.00000001832268e-06
209.09208,C05647,M+H [1+],4.00000001832268e-06
209.09208,C00931,M-H2O+H [1+],3.53323000013006e-06
560.07915,C00301,M+H [1+],0.00017400000001544
218.13864,pcrn,M+H [1+],4.49999999716511e-05
219.07641,C02406,M-H2O+H [1+],2.15332300115278e-05
219.07641,C02700,M-H2O+H [1+],3.35332300096525e-05
253.08196,C05648,M+H [1+],8.40000000152941e-05
255.09758,C16582,M+H [1+],3.99999998990097e-06
255.09758,C16584,M+H [1+],3.99999998990097e-06
110.02702,C00519,M+H [1+],4.39999999883867e-05
216.06314,C01233,M+H [1+],3.59999999943739e-05
550.38689,C04598,M+H [1+],0.000174332499909724
361.27375,C13856,M-H2O+H [1+],7.3533230022349e-05
399.14455,C00019,M+H [1+],7.39999999836982e-05
162.0761,C00956,M+H [1+],2.39999999962492e-05
162.0761,C00329,M-H2O+H [1+],2.35332300064783e-05
132.07675,C00300,M+H [1+],2.59999999911997e-05
414.35786,hpdcacrn,M+H [1+],9.00000000001455e-05
613.15941,C00127,M+H [1+],0.000133999999889056
175.07131,C00439,M+H [1+],6.59999999754746e-05
117.06586,C16622,M+H [1+],1.60000000022364e-05
146.11757,C05543,M+H [1+],1.5269100003934e-05
162.11245,C00318,M+H [1+],2.59999999911997e-05
192.06552,C05635,M+H [1+],4.40000000025975e-05
192.06552,C16596,M+H [1+],4.40000000025975e-05
192.06552,C16591,M-H2O+H [1+],4.35332299844049e-05
456.40477,arachcrn,M+H [1+],3.29999999735264e-05
184.0968,C05589,M+H [1+],2.4000000024671e-05
184.0968,C00788,M+H [1+],2.4000000024671e-05
428.37341,stcrn,M+H [1+],1.60000000164473e-05
291.12996,C03406,M+H [1+],8.40000000152941e-05
178.08625,CE1918,M+H [1+],4.99999998737621e-06
178.08625,CE5629,M+H [1+],4.99999998737621e-06
178.08625,C16586,M-H2O+H [1+],7.3533230022349e-05
178.08625,CE2173,M-H2O+H [1+],3.02444300075422e-05
298.09686,C00170,M+H [1+],1.60000000164473e-05
116.07059,CE4788,M+H [1+],1.80000000113978e-05
116.07059,C00763,M+H [1+],1.39999999930751e-05
116.07059,C00148,M+H [1+],1.39999999930751e-05
288.21698,C02838,M+H [1+],3.99999998990097e-06
426.35784,elaidcrn,M+H [1+],6.99999999937972e-05
426.35784,vacccrn,M+H [1+],6.99999999937972e-05
426.35784,odecrn,M+H [1+],6.99999999937972e-05
146.08119,C03239,M+H [1+],1.39999999930751e-05
146.08119,C02946,M+H [1+],1.39999999930751e-05
146.08119,C04076,M+H [1+],1.39999999930751e-05
282.27915,C02934,M-H2O+H [1+],7.3533230022349e-05
282.27915,C00319,M-H2O+H [1+],7.3533230022349e-05
131.11789,C02714,M+H [1+],1.39999999930751e-05
271.07473,CE5274,M+H [1+],2.63617999962662e-05
168.06551,C00250,M+H [1+],3.39999999994234e-05
148.06045,C00217,M+H [1+],2.59999999911997e-05
148.06045,C00025,M+H [1+],2.59999999911997e-05
148.06045,C00302,M+H [1+],2.59999999911997e-05
148.06045,C05938,M+H [1+],2.59999999911997e-05
90.05493,C00213,M+H [1+],4.60000000117589e-05
90.05493,C00041,M+H [1+],4.60000000117589e-05
90.05493,C00099,M+H [1+],4.60000000117589e-05
90.05493,C00133,M+H [1+],4.60000000117589e-05
104.07061,C02356,M+H [1+],3.39999999994234e-05
104.07061,C01026,M+H [1+],3.39999999994234e-05
104.07061,C00334,M+H [1+],3.39999999994234e-05
104.07061,C05145,M+H [1+],3.39999999994234e-05
104.07061,C01205,M+H [1+],3.39999999994234e-05
104.07061,C03284,M+H [1+],3.39999999994234e-05
386.32652,ptdcacrn,M+H [1+],3.51261000446357e-05
508.00307,C00286,M+H [1+],9.39999999900465e-05
359.13504,C00255,M-H2O+H [1+],6.35332299907532e-05
189.15974,C03793,M+H [1+],3.59999999943739e-05
203.15023,C03626,M+H [1+],4.5999999997548e-05
398.32651,hdd2crn,M+H [1+],2.00000000063483e-05
398.32651,hdcecrn,M+H [1+],2.00000000063483e-05
458.18172,C16577,M-H2O+H [1+],0.000843533230010962
168.07675,C16396,M+H [1+],2.59999999911997e-05
302.3054,C00836,M+H [1+],2.40000000530927e-05
227.1139,C06486,M+H [1+],4.10000000101718e-05
227.1139,C00386,M+H [1+],2.4000000024671e-05
174.08735,C03771,M+H [1+],7.39999999836982e-05
84.08076,C12455,M-H2O+H [1+],1.64667700062182e-05
259.02136,CE3074,M+H [1+],1.50000000189721e-05
259.02136,C06893,M+H [1+],1.59999999596039e-05
259.02136,tag1p-D,M+H [1+],1.50000000189721e-05
259.02136,C01236,M+H [1+],1.59999999596039e-05
259.02136,C00345,M-H2O+H [1+],8.35332299971014e-05
278.09829,C16612,M-H2O+H [1+],0.00071353322999812
123.05529,C00153,M+H [1+],1.39999999930751e-05
123.05529,C05828,M-H2O+H [1+],1.35332299890933e-05
852.18035,C15980,M+H [1+],0.000373999999965235
852.18035,C02939,M+H [1+],0.000373999999965235
852.18035,C01033,M+H [1+],0.000373999999965235
175.11894,C00062,M+H [1+],3.59999999943739e-05
175.11894,C00792,M+H [1+],3.59999999943739e-05
212.04312,C02305,M+H [1+],4.40000000025975e-05
401.34161,C05455,M+H [1+],0.000234000000034484
401.34161,C01561,M+H [1+],0.000234000000034484
401.34161,C06341,M-H2O+H [1+],0.000233533230016292
401.34161,C05458,M-H2O+H [1+],0.000233533230016292
401.34161,C05453,M-H2O+H [1+],0.000233533230016292
401.34161,CE5530,M-H2O+H [1+],0.000237533230006193
401.34161,C05501,M-H2O+H [1+],0.000233533230016292
401.34161,C15520,M-H2O+H [1+],0.000233533230016292
401.34161,C15518,M-H2O+H [1+],0.000233533230016292
401.34161,C05499,M-H2O+H [1+],0.000233533230016292
401.34161,C05445,M-H2O+H [1+],0.000233533230016292
86.06002,C02356,M-H2O+H [1+],4.35332299986158e-05
86.06002,C01026,M-H2O+H [1+],4.35332299986158e-05
86.06002,C00334,M-H2O+H [1+],4.35332299986158e-05
86.06002,C05145,M-H2O+H [1+],4.35332299986158e-05
86.06002,C01205,M-H2O+H [1+],4.35332299986158e-05
86.06002,C03284,M-H2O+H [1+],4.35332299986158e-05
128.0706,C04092,M+H [1+],2.4000000024671e-05
128.0706,C00450,M+H [1+],2.4000000024671e-05
128.0706,C03239,M-H2O+H [1+],2.35332300064783e-05
128.0706,C02946,M-H2O+H [1+],2.35332300064783e-05
128.0706,C04076,M-H2O+H [1+],2.35332300064783e-05
268.104,C00212,M+H [1+],7.59999999786487e-05
268.104,C00330,M+H [1+],7.59999999786487e-05
114.06617,C00791,M+H [1+],5.99999999906231e-06
114.06617,C00300,M-H2O+H [1+],6.46677000304408e-06
336.14022,C04540,M+H [1+],4.40000000025975e-05
613.15942,C00127,M+H [1+],0.000143999999863809
170.08117,C00547,M+H [1+],6.00000001327317e-06
170.08117,C00314,M+H [1+],6.00000001327317e-06
170.08117,C05548,M-H2O+H [1+],6.46677000304408e-06
474.35782,dcsptn1crn,M+H [1+],4.9999999987449e-05
474.35782,clpndcrn,M+H [1+],4.9999999987449e-05
188.17573,C01029,M+H [1+],4.5999999997548e-05
188.17573,C00612,M+H [1+],4.5999999997548e-05
489.11474,C00307,M+H [1+],0.000163999999983844
400.34212,C02990,M+H [1+],5.59999999723004e-05
676.52858,C04756,M+H [1+],0.00101375469989762
132.10191,C00123,M+H [1+],3.39999999994234e-05
132.10191,C00407,M+H [1+],3.39999999994234e-05
175.1077,C00437,M+H [1+],2.39999999962492e-05
182.08114,C00082,M+H [1+],3.59999999943739e-05
182.08114,CE2174,M+H [1+],3.39999999994234e-05
191.06624,C05829,M+H [1+],3.59999999943739e-05
508.37621,C04230,M+H [1+],5.90188000160197e-05
251.06965,C00669,M+H [1+],7.40000000121199e-05
175.14409,C05545,M+H [1+],1.38323999863132e-05
372.31081,ttdcrn,M+H [1+],2.39999999962492e-05
170.0924,C01152,M+H [1+],2.39999999962492e-05
176.07061,C00954,M+H [1+],3.39999999994234e-05
176.07061,C05634,M+H [1+],3.39999999994234e-05
176.07061,C16595,M-H2O+H [1+],3.35332299812308e-05
176.07061,C16587,M-H2O+H [1+],3.35332299812308e-05
508.37623,C04230,M+H [1+],7.90188000223679e-05
343.12352,C00208,M+H [1+],4.40000000025975e-05
343.12352,C06373,M+H [1+],4.40000000025975e-05
343.12352,C00252,M+H [1+],4.40000000025975e-05
343.12352,C00243,M+H [1+],4.40000000025975e-05
343.12352,C01083,M+H [1+],4.40000000025975e-05
343.12352,C00897,M+H [1+],4.40000000025975e-05
343.12352,C00089,M+H [1+],4.40000000025975e-05
343.12352,C01235,M+H [1+],4.40000000025975e-05
343.12352,C05400,M+H [1+],4.40000000025975e-05
343.12352,C05402,M+H [1+],4.40000000025975e-05
343.12352,C00185,M+H [1+],4.40000000025975e-05
369.35159,C03091,M-H2O+H [1+],1.35332300033042e-05
369.35159,CE2315,M-H2O+H [1+],5.55332300109512e-05
369.35159,C01189,M-H2O+H [1+],1.35332300033042e-05
369.35159,C03845,M-H2O+H [1+],1.35332300033042e-05
369.35159,C00187,M-H2O+H [1+],1.35332300033042e-05
166.04983,CE5538,M+H [1+],3.30000000019481e-05
166.04983,C05653,M+H [1+],4.5999999997548e-05
166.04983,C00847,M-H2O+H [1+],4.64667700157406e-05
120.06552,C05519,M+H [1+],4.40000000025975e-05
120.06552,C00188,M+H [1+],4.40000000025975e-05
180.10189,C09642,M+H [1+],1.39999999930751e-05
180.10189,C05588,M-H2O+H [1+],1.35332300033042e-05
160.09684,C03087,M+H [1+],6.40000000089458e-05
196.09682,C16586,M+H [1+],4.40000000310192e-05
196.09682,CE2173,M+H [1+],7.11200016212388e-07
76.03932,C00037,M+H [1+],4.40000000025975e-05
251.0696,C00669,M+H [1+],2.4000000024671e-05
128.07061,C04092,M+H [1+],3.39999999994234e-05
128.07061,C00450,M+H [1+],3.39999999994234e-05
128.07061,C03239,M-H2O+H [1+],3.35332299812308e-05
128.07061,C02946,M-H2O+H [1+],3.35332299812308e-05
128.07061,C04076,M-H2O+H [1+],3.35332299812308e-05
194.04478,C04185,M+H [1+],4.00000001832268e-06
194.04478,CE5278,M+H [1+],1.99999999495049e-06
194.04478,C01693,M+H [1+],4.00000001832268e-06
147.07642,C00064,M+H [1+],4.40000000310192e-05
147.07642,C05100,M+H [1+],4.40000000310192e-05
147.07642,C00819,M+H [1+],4.40000000310192e-05
266.0884,C00387,M-H2O+H [1+],2.35332299780566e-05
510.39185,C04317,M+H [1+],4.89546000039809e-05
132.06552,C03341,M+H [1+],4.40000000025975e-05
132.06552,C01165,M+H [1+],4.40000000025975e-05
132.06552,C01157,M+H [1+],4.40000000025975e-05
132.06552,C00430,M+H [1+],4.40000000025975e-05
132.06552,C03440,M+H [1+],4.40000000025975e-05
132.06552,C01110,M+H [1+],4.40000000025975e-05
318.12961,C04540,M-H2O+H [1+],3.35332300096525e-05
195.05102,C00257,M-H [1-],4.00000001832268e-06
195.05102,C00800,M-H [1-],4.00000001832268e-06
219.07751,C00643,M-H [1-],1.40000000214968e-05
219.07751,C07501,M-H2O-H [1-],0.000499999999988177
132.03023,C00049,M-H [1-],5.99999998485146e-06
132.03023,C00402,M-H [1-],5.99999998485146e-06
253.09289,C05401,M-H [1-],3.39999999994234e-05
145.01429,C00026,M-H [1-],6.59999999754746e-05
258.03842,C06377,M-H [1-],4.00000004674439e-06
258.03842,C00352,M-H [1-],4.00000004674439e-06
258.03842,C12214,M-H [1-],4.00000004674439e-06
259.02242,C00103,M-H [1-],3.99999998990097e-06
259.02242,CE3075,M-H [1-],2.79999999861502e-05
259.02242,C04006,M-H [1-],3.99999998990097e-06
259.02242,C00275,M-H [1-],3.99999998990097e-06
259.02242,C02965,M-H [1-],3.99999998990097e-06
259.02242,C05345,M-H [1-],3.99999998990097e-06
259.02242,C02976,M-H [1-],3.99999998990097e-06
259.02242,C01097,M-H [1-],3.99999998990097e-06
259.02242,C01094,M-H [1-],3.99999998990097e-06
259.02242,C03546,M-H [1-],3.99999998990097e-06
259.02242,C00092,M-H [1-],3.99999998990097e-06
259.02242,C00085,M-H [1-],3.99999998990097e-06
259.02242,C03735,M-H [1-],3.99999998990097e-06
259.02242,C00668,M-H [1-],3.99999998990097e-06
259.02242,C00636,M-H [1-],3.99999998990097e-06
259.02242,C00446,M-H [1-],3.99999998990097e-06
259.02242,C01171,M-H [1-],3.99999998990097e-06
259.02242,C01172,M-H [1-],3.99999998990097e-06
259.02242,C01177,M-H [1-],3.99999998990097e-06
259.02242,C03862,M-H [1-],2.79999999861502e-05
544.18835,C04847,M-H [1-],2.60000000480431e-05
190.05435,C02712,M-H [1-],2.59999999911997e-05
171.00641,C00093,M-H [1-],1.40000000214968e-05
535.03714,C00190,M-H [1-],8.39999999016072e-05
174.04079,C05520,M-H [1-],3.40000000278451e-05
174.04079,C01045,M-H [1-],3.40000000278451e-05
174.04079,C01042,M-H [1-],3.40000000278451e-05
341.10885,C00208,M-H [1-],7.39999999836982e-05
341.10885,C06373,M-H [1-],7.39999999836982e-05
341.10885,C00252,M-H [1-],7.39999999836982e-05
341.10885,C00243,M-H [1-],7.39999999836982e-05
341.10885,C01083,M-H [1-],7.39999999836982e-05
341.10885,C00897,M-H [1-],7.39999999836982e-05
341.10885,C00089,M-H [1-],7.39999999836982e-05
341.10885,C01235,M-H [1-],7.39999999836982e-05
341.10885,C05400,M-H [1-],7.39999999836982e-05
341.10885,C05402,M-H [1-],7.39999999836982e-05
341.10885,C00185,M-H [1-],7.39999999836982e-05
445.05305,C00570,M-H [1-],7.40000000405416e-05
346.05571,C00020,M-H [1-],0.000114000000053238
346.05571,C00362,M-H [1-],0.000114000000053238
588.07495,C00325,M-H [1-],2.60000000480431e-05
606.07411,C00203,M-H [1-],0.000213999999914449
606.07411,C00043,M-H [1-],0.000213999999914449
606.07411,C01170,M-H [1-],0.000213999999914449
827.2672,CE2835,M-H [1-],0.000181999999995242
253.04997,C05844,M-H [1-],5.40000000057717e-05
254.99108,C05385,M-H2O-H [1-],0.000470000000007076
308.09872,C00270,M-H [1-],3.99999998990097e-06
665.21451,C02052,M-H [1-],0.000113999999939551
665.21451,C01613,M-H [1-],0.000113999999939551
218.1034,C00864,M-H [1-],2.4000000024671e-05
442.01703,C00035,M-H [1-],5.99999998485146e-06
306.07649,C00051,M-H [1-],3.40000000278451e-05
333.05926,C01225,M-H [1-],3.59999999659522e-05
124.00741,C00245,M-H [1-],1.4000000007286e-05
179.0561,C00031,M-H [1-],2.4000000024671e-05
179.0561,C00221,M-H [1-],2.4000000024671e-05
179.0561,C00247,M-H [1-],2.4000000024671e-05
179.0561,C02336,M-H [1-],2.4000000024671e-05
179.0561,C00267,M-H [1-],2.4000000024671e-05
179.0561,C00738,M-H [1-],2.4000000024671e-05
179.0561,C00936,M-H [1-],2.4000000024671e-05
179.0561,C00095,M-H [1-],2.4000000024671e-05
179.0561,C00962,M-H [1-],2.4000000024671e-05
179.0561,C01582,M-H [1-],2.4000000024671e-05
179.0561,C00795,M-H [1-],2.4000000024671e-05
179.0561,C00137,M-H [1-],2.4000000024671e-05
179.0561,C00293,M-H [1-],9.0000000341206e-06
179.0561,C00124,M-H [1-],2.4000000024671e-05
179.0561,C00984,M-H [1-],2.4000000024671e-05
179.0561,C00159,M-H [1-],2.4000000024671e-05
579.02681,C00167,M-H [1-],0.000214000000028136
338.98866,C03785,M-H [1-],6.40000000089458e-05
338.98866,C05378,M-H [1-],6.40000000089458e-05
338.98866,C00354,M-H [1-],6.40000000089458e-05
338.98866,C03693,M-H [1-],6.40000000089458e-05
338.98866,C00665,M-H [1-],6.40000000089458e-05
338.98866,C01220,M-H [1-],6.40000000089458e-05
338.98866,C01231,M-H [1-],6.40000000089458e-05
338.98866,C04063,M-H [1-],6.40000000089458e-05
338.98866,C04062,M-H [1-],6.40000000089458e-05
243.0809,C00120,M-H [1-],2.39999999962492e-05
146.04588,C00217,M-H [1-],4.40000000025975e-05
146.04588,C00025,M-H [1-],4.40000000025975e-05
146.04588,C00302,M-H [1-],4.40000000025975e-05
146.04588,C05938,M-H [1-],4.40000000025975e-05
241.01188,C00103,M-H2O-H [1-],0.000570000000010396
241.01188,CE3075,M-H2O-H [1-],0.000546000000014146
241.01188,C04006,M-H2O-H [1-],0.000570000000010396
241.01188,C00275,M-H2O-H [1-],0.000570000000010396
241.01188,C05345,M-H2O-H [1-],0.000570000000010396
241.01188,C01097,M-H2O-H [1-],0.000570000000010396
241.01188,C01094,M-H2O-H [1-],0.000570000000010396
241.01188,C03546,M-H2O-H [1-],0.000570000000010396
241.01188,C00092,M-H2O-H [1-],0.000570000000010396
241.01188,C00085,M-H2O-H [1-],0.000570000000010396
241.01188,C04299,M-H [1-],4.40000000310192e-05
241.01188,C00636,M-H2O-H [1-],0.000570000000010396
241.01188,C00446,M-H2O-H [1-],0.000570000000010396
241.01188,C01172,M-H2O-H [1-],0.000570000000010396
241.01188,C01177,M-H2O-H [1-],0.000570000000010396
241.01188,C03862,M-H2O-H [1-],0.000546000000014146
565.04754,C00029,M-H [1-],0.000183999999876505
565.04754,C00052,M-H [1-],0.000183999999876505
558.06425,C00301,M-H [1-],0.000173999999901753
89.02442,C00577,M-H [1-],3.99999998990097e-06
89.02442,C00256,M-H [1-],3.99999998990097e-06
89.02442,C01013,M-H [1-],3.99999998990097e-06
89.02442,C00186,M-H [1-],3.99999998990097e-06
89.02442,C00184,M-H [1-],3.99999998990097e-06
175.03603,C00438,M-H [1-],6.00000001327317e-06
505.98827,C00286,M-H [1-],0.000154000000009091
784.1499,C00016,M-H [1-],7.60000000354921e-05
300.04899,C04501,M-H [1-],3.40000000278451e-05
300.04899,C06376,M-H [1-],3.40000000278451e-05
300.04899,C00357,M-H [1-],3.40000000278451e-05
300.04899,C04256,M-H [1-],3.40000000278451e-05
300.04899,C04257,M-H [1-],3.40000000278451e-05
402.99482,C00015,M-H [1-],0.000104000000021642
334.12563,C04540,M-H [1-],5.99999998485146e-06
87.00877,C00022,M-H [1-],4.5999999997548e-05
87.00877,C00222,M-H [1-],4.5999999997548e-05
480.98195,C00459,M-H [1-],7.40000000405416e-05
205.03536,C04593,M-H [1-],6.40000000089458e-05
205.03536,C02225,M-H [1-],6.40000000089458e-05
445.36875,CE5022,M-H [1-],1.89999999520296e-05
445.36875,CE5835,M-H [1-],1.89999999520296e-05
445.36875,CE5842,M-H [1-],1.89999999520296e-05
426.02206,C00054,M-H [1-],6.40000000089458e-05
426.02206,C00361,M-H [1-],6.40000000089458e-05
521.98338,C00044,M-H [1-],4.39999998889107e-05
521.98338,C05922,M-H2O-H [1-],0.00056999999992513
78.91887,C13645,M-H [1-],5.39999999915608e-05
348.087,C14871,M-H [1-],0.000124000000027991
362.05066,C00144,M-H [1-],6.40000000089458e-05
195.05101,C00257,M-H [1-],1.40000000214968e-05
195.05101,C00800,M-H [1-],1.40000000214968e-05
239.23805,C00517,M-H [1-],2.59999999911997e-05
323.02862,C00105,M-H [1-],4.00000004674439e-06
323.02862,C01368,M-H [1-],4.00000004674439e-06
178.05096,CE5536,M-H [1-],7.00000001074841e-06
178.05096,C01586,M-H [1-],3.59999999943739e-05
151.02616,C00385,M-H [1-],3.59999999943739e-05
133.01426,C00149,M-H [1-],3.59999999943739e-05
808.11823,C00024,M-H [1-],0.000293999999939842
243.02751,C02985,M-H [1-],1.39999999930751e-05
133.05064,CE0520,M-H [1-],8.99999997727718e-06
133.05064,C01801,M-H [1-],1.59999999880256e-05
128.03531,C01879,M-H [1-],1.39999999930751e-05
128.03531,C02238,M-H [1-],9.99999997475243e-07
128.03531,C04281,M-H [1-],1.39999999930751e-05
128.03531,C04282,M-H [1-],1.39999999930751e-05
402.01086,C00112,M-H [1-],6.40000000089458e-05
482.96114,C00075,M-H [1-],8.40000000152941e-05
229.01187,C01101,M-H [1-],5.40000000341934e-05
229.01187,C00231,M-H [1-],5.40000000341934e-05
229.01187,C03736,M-H [1-],5.40000000341934e-05
229.01187,C00117,M-H [1-],5.40000000341934e-05
229.01187,C00442,M-H [1-],4.00000001832268e-06
229.01187,C00620,M-H [1-],5.40000000341934e-05
229.01187,C00199,M-H [1-],5.40000000341934e-05
766.1079,C00010,M-H [1-],2.39999999394058e-05
481.97723,C00063,M-H [1-],5.99999998485146e-06
289.03301,C06222,M-H [1-],1.40000000214968e-05
289.03301,C00281,M-H [1-],2.99999999242573e-06
289.03301,C05382,M-H [1-],1.40000000214968e-05
192.06662,C16595,M-H [1-],4.00000001832268e-06
192.06662,C16587,M-H [1-],4.00000001832268e-06
192.06662,CE2176,M-H2O-H [1-],0.000553000000024895
275.01735,C00345,M-H [1-],2.59999999911997e-05
307.03374,C00365,M-H [1-],1.60000000164473e-05
129.05574,C00671,M-H [1-],1.59999999880256e-05
129.05574,C00233,M-H [1-],1.59999999880256e-05
129.05574,C06102,M-H [1-],1.59999999880256e-05
129.05574,C03465,M-H [1-],1.59999999880256e-05
378.09756,C03451,M-H [1-],6.40000000089458e-05
364.08196,C14862,M-H [1-],6.40000000089458e-05
836.14989,C00136,M-H [1-],6.60000000607397e-05
836.14989,C00630,M-H [1-],6.60000000607397e-05
273.00164,C01218,M-H [1-],8.40000000152941e-05
273.00164,C05385,M-H [1-],8.40000000152941e-05
231.09864,C03415,M-H [1-],1.59999999880256e-05
181.05064,C05583,M-H [1-],1.59999999880256e-05
181.05064,C05582,M-H [1-],1.59999999880256e-05
498.28944,C05463,M-H [1-],8.40000000152941e-05
498.28944,C05465,M-H [1-],8.40000000152941e-05
514.28451,C05122,M-H [1-],8.60000000102445e-05
514.28451,C15516,M-H [1-],8.60000000102445e-05
158.08226,C03087,M-H [1-],3.59999999943739e-05
171.0064,C00093,M-H [1-],2.39999999962492e-05
188.05644,C00624,M-H [1-],1.59999999880256e-05
188.05644,C00579,M-H2O-H [1-],0.000369999999975335
283.0684,C01762,M-H [1-],2.39999999962492e-05
673.23072,C04886,M-H [1-],0.000203999999939697
440.13236,C00504,M-H [1-],6.40000000089458e-05
178.05097,CE5536,M-H [1-],2.99999999242573e-06
178.05097,C01586,M-H [1-],4.5999999997548e-05
199.07241,C03740,M-H2O-H [1-],0.000528429699983235
375.13114,C00255,M-H [1-],0.000115999999991345
204.06663,C05660,M-H [1-],5.99999998485146e-06
184.98566,C00631,M-H [1-],3.59999999943739e-05
184.98566,C00197,M-H [1-],3.59999999943739e-05
227.20165,C06424,M-H [1-],2.59999999911997e-05
586.05929,C00096,M-H2O-H [1-],0.000480000000038672
586.05929,C14830,M-H [1-],3.39999999141583e-05
586.05929,C01222,M-H [1-],3.39999999141583e-05
147.02987,C02630,M-H [1-],5.40000000341934e-05
147.02987,C01087,M-H [1-],5.40000000341934e-05
147.02987,C03196,M-H [1-],5.40000000341934e-05
147.02987,C02266,M-H [1-],5.40000000341934e-05
166.97508,C00074,M-H [1-],4.40000000310192e-05
304.03401,C00055,M-H2O-H [1-],0.00050000000004502
235.03943,C05844,M-H2O-H [1-],0.000520000000022947
460.32803,C01747,M-H [1-],5.99999998485146e-06
160.06152,C00956,M-H [1-],4.00000001832268e-06
112.93727,C05529,M-H [1-],4.5999999997548e-05
339.32673,C08281,M-H [1-],9.39999999900465e-05
283.26422,C01530,M-H [1-],3.99999998990097e-06
130.05098,C03341,M-H [1-],5.60000000007221e-05
130.05098,C01165,M-H [1-],5.60000000007221e-05
130.05098,C01157,M-H [1-],5.60000000007221e-05
130.05098,C00430,M-H [1-],5.60000000007221e-05
130.05098,C03440,M-H [1-],5.60000000007221e-05
130.05098,C01110,M-H [1-],5.60000000007221e-05
255.23295,C00249,M-H [1-],2.5999999962778e-05
164.07169,C00079,M-H [1-],3.40000000278451e-05
164.07169,CE2172,M-H [1-],1.30000000240216e-05
305.01805,C02355,M-H [1-],2.59999999911997e-05
305.01805,C00105,M-H2O-H [1-],0.000540000000000873
305.01805,C01368,M-H2O-H [1-],0.000540000000000873
604.06993,C00096,M-H [1-],6.00000009853829e-06
316.11506,C04540,M-H2O-H [1-],0.000550000000032469
184.98565,C00631,M-H [1-],2.59999999911997e-05
184.98565,C00197,M-H [1-],2.59999999911997e-05
301.15178,CE5795,M-H [1-],2.89999999836255e-05
448.30684,C05462,M-H [1-],9.99999997475243e-07
448.30684,C05466,M-H [1-],1.60000000164473e-05
378.09759,C03451,M-H [1-],3.39999999710017e-05
179.05612,C00031,M-H [1-],4.00000001832268e-06
179.05612,C00221,M-H [1-],4.00000001832268e-06
179.05612,C00247,M-H [1-],4.00000001832268e-06
179.05612,C02336,M-H [1-],4.00000001832268e-06
179.05612,C00267,M-H [1-],4.00000001832268e-06
179.05612,C00738,M-H [1-],4.00000001832268e-06
179.05612,C00936,M-H [1-],4.00000001832268e-06
179.05612,C00095,M-H [1-],4.00000001832268e-06
179.05612,C00962,M-H [1-],4.00000001832268e-06
179.05612,C01582,M-H [1-],4.00000001832268e-06
179.05612,C00795,M-H [1-],4.00000001832268e-06
179.05612,C00137,M-H [1-],4.00000001832268e-06
179.05612,C00293,M-H [1-],1.09999999722277e-05
179.05612,C00124,M-H [1-],4.00000001832268e-06
179.05612,C00984,M-H [1-],4.00000001832268e-06
179.05612,C00159,M-H [1-],4.00000001832268e-06
295.09357,C00921,M-H2O-H [1-],0.000740000000007512
259.02243,C00103,M-H [1-],5.99999998485146e-06
259.02243,CE3075,M-H [1-],1.80000000113978e-05
259.02243,C04006,M-H [1-],5.99999998485146e-06
259.02243,C00275,M-H [1-],5.99999998485146e-06
259.02243,C02965,M-H [1-],5.99999998485146e-06
259.02243,C05345,M-H [1-],5.99999998485146e-06
259.02243,C02976,M-H [1-],5.99999998485146e-06
259.02243,C01097,M-H [1-],5.99999998485146e-06
259.02243,C01094,M-H [1-],5.99999998485146e-06
259.02243,C03546,M-H [1-],5.99999998485146e-06
259.02243,C00092,M-H [1-],5.99999998485146e-06
259.02243,C00085,M-H [1-],5.99999998485146e-06
259.02243,C03735,M-H [1-],5.99999998485146e-06
259.02243,C00668,M-H [1-],5.99999998485146e-06
259.02243,C00636,M-H [1-],5.99999998485146e-06
259.02243,C00446,M-H [1-],5.99999998485146e-06
259.02243,C01171,M-H [1-],5.99999998485146e-06
259.02243,C01172,M-H [1-],5.99999998485146e-06
259.02243,C01177,M-H [1-],5.99999998485146e-06
259.02243,C03862,M-H [1-],1.80000000113978e-05
152.00231,C00606,M-H [1-],1.40000000214968e-05
281.2486,C00712,M-H [1-],2.39999999962492e-05
281.2486,C01712,M-H [1-],2.39999999962492e-05
279.23295,C01595,M-H [1-],2.59999999911997e-05
211.00131,C00231,M-H2O-H [1-],0.000499999999988177
211.00131,C00117,M-H2O-H [1-],0.000499999999988177
211.00131,C00620,M-H2O-H [1-],0.000499999999988177
305.01807,C02355,M-H [1-],4.5999999997548e-05
305.01807,C00105,M-H2O-H [1-],0.000560000000007221
305.01807,C01368,M-H2O-H [1-],0.000560000000007221
131.04623,C02642,M-H [1-],5.99999998485146e-06
131.04623,C00152,M-H [1-],5.99999998485146e-06
451.34299,CE1277,M-H [1-],7.69999999761239e-05
451.34299,CE1278,M-H [1-],7.69999999761239e-05
451.34299,CE1279,M-H [1-],7.69999999761239e-05
451.34299,CE4874,M-H [1-],7.69999999761239e-05
321.04938,C00364,M-H [1-],5.59999999723004e-05
104.03532,C00065,M-H [1-],3.99999998990097e-06
104.03532,C00740,M-H [1-],3.99999998990097e-06
199.17035,C02679,M-H [1-],2.59999999911997e-05
218.06701,CE2847,M-H2O-H [1-],0.000548158600025772
157.03669,C01551,M-H [1-],3.40000000278451e-05
130.05097,C03341,M-H [1-],4.5999999997548e-05
130.05097,C01165,M-H [1-],4.5999999997548e-05
130.05097,C01157,M-H [1-],4.5999999997548e-05
130.05097,C00430,M-H [1-],4.5999999997548e-05
130.05097,C03440,M-H [1-],4.5999999997548e-05
130.05097,C01110,M-H [1-],4.5999999997548e-05
191.01972,C00158,M-H [1-],3.99999998990097e-06
191.01972,C00818,M-H2O-H [1-],0.000510000000019772
191.01972,C04575,M-H [1-],3.99999998990097e-06
191.01972,C00311,M-H [1-],3.99999998990097e-06
217.08303,C03740,M-H [1-],3.44296999799099e-05
154.06221,C00135,M-H [1-],1.40000000214968e-05
173.00915,C05422,M-H [1-],2.59999999911997e-05
173.00915,C00425,M-H [1-],8.00000000822365e-06
173.00915,C00417,M-H [1-],2.59999999911997e-05
191.01973,C00158,M-H [1-],6.00000001327317e-06
191.01973,C00818,M-H2O-H [1-],0.000520000000022947
191.01973,C04575,M-H [1-],6.00000001327317e-06
191.01973,C00311,M-H [1-],6.00000001327317e-06
168.99075,C00661,M-H [1-],2.59999999911997e-05
168.99075,C00111,M-H [1-],2.59999999911997e-05
168.99075,C00118,M-H [1-],2.59999999911997e-05
160.06153,C00956,M-H [1-],5.99999998485146e-06
135.02991,C01620,M-H [1-],1.40000000214968e-05
313.04425,C04376,M-H [1-],2.59999999911997e-05
187.09756,C08261,M-H [1-],6.40000000089458e-05
231.13508,CE1938,M-H [1-],5.29999999798747e-05
289.11539,C03406,M-H [1-],6.60000000038963e-05
111.02001,C00106,M-H [1-],1.39999999930751e-05
